fips,county_name,year,Month,FecundPopulation
40017,"canadian",1990,1,17609
40017,"canadian",1990,2,17623.416666666653
40017,"canadian",1990,3,17637.833333333347
40017,"canadian",1990,4,17652.25
40017,"canadian",1990,5,17666.666666666653
40017,"canadian",1990,6,17681.083333333347
40017,"canadian",1990,7,17695.5
40017,"canadian",1990,8,17709.916666666653
40017,"canadian",1990,9,17724.333333333347
40017,"canadian",1990,10,17738.75
40017,"canadian",1990,11,17753.166666666653
40017,"canadian",1990,12,17767.583333333347
40017,"canadian",1991,1,17782
40017,"canadian",1991,2,17783.833333333332
40017,"canadian",1991,3,17785.666666666668
40017,"canadian",1991,4,17787.5
40017,"canadian",1991,5,17789.333333333332
40017,"canadian",1991,6,17791.166666666668
40017,"canadian",1991,7,17793
40017,"canadian",1991,8,17794.833333333332
40017,"canadian",1991,9,17796.666666666668
40017,"canadian",1991,10,17798.5
40017,"canadian",1991,11,17800.333333333332
40017,"canadian",1991,12,17802.166666666668
40017,"canadian",1992,1,17804
40017,"canadian",1992,2,17820.333333333318
40017,"canadian",1992,3,17836.666666666682
40017,"canadian",1992,4,17853
40017,"canadian",1992,5,17869.333333333318
40017,"canadian",1992,6,17885.666666666682
40017,"canadian",1992,7,17902
40017,"canadian",1992,8,17918.333333333318
40017,"canadian",1992,9,17934.666666666682
40017,"canadian",1992,10,17951
40017,"canadian",1992,11,17967.333333333318
40017,"canadian",1992,12,17983.666666666682
40017,"canadian",1993,1,18000
40017,"canadian",1993,2,18012.416666666657
40017,"canadian",1993,3,18024.833333333343
40017,"canadian",1993,4,18037.25
40017,"canadian",1993,5,18049.666666666657
40017,"canadian",1993,6,18062.083333333343
40017,"canadian",1993,7,18074.5
40017,"canadian",1993,8,18086.916666666657
40017,"canadian",1993,9,18099.333333333343
40017,"canadian",1993,10,18111.75
40017,"canadian",1993,11,18124.166666666657
40017,"canadian",1993,12,18136.583333333343
40017,"canadian",1994,1,18149
40017,"canadian",1994,2,18163.33333333332
40017,"canadian",1994,3,18177.66666666668
40017,"canadian",1994,4,18192
40017,"canadian",1994,5,18206.33333333332
40017,"canadian",1994,6,18220.66666666668
40017,"canadian",1994,7,18235
40017,"canadian",1994,8,18249.33333333332
40017,"canadian",1994,9,18263.66666666668
40017,"canadian",1994,10,18278
40017,"canadian",1994,11,18292.33333333332
40017,"canadian",1994,12,18306.66666666668
40017,"canadian",1995,1,18321
40017,"canadian",1995,2,18344.916666666646
40017,"canadian",1995,3,18368.833333333354
40017,"canadian",1995,4,18392.75
40017,"canadian",1995,5,18416.666666666646
40017,"canadian",1995,6,18440.583333333354
40017,"canadian",1995,7,18464.5
40017,"canadian",1995,8,18488.416666666646
40017,"canadian",1995,9,18512.333333333354
40017,"canadian",1995,10,18536.25
40017,"canadian",1995,11,18560.166666666646
40017,"canadian",1995,12,18584.083333333354
40017,"canadian",1996,1,18608
40017,"canadian",1996,2,18619.58333333332
40017,"canadian",1996,3,18631.16666666668
40017,"canadian",1996,4,18642.75
40017,"canadian",1996,5,18654.33333333332
40017,"canadian",1996,6,18665.91666666668
40017,"canadian",1996,7,18677.5
40017,"canadian",1996,8,18689.08333333332
40017,"canadian",1996,9,18700.66666666668
40017,"canadian",1996,10,18712.25
40017,"canadian",1996,11,18723.83333333332
40017,"canadian",1996,12,18735.41666666668
40017,"canadian",1997,1,18747
40017,"canadian",1997,2,18751.08333333333
40017,"canadian",1997,3,18755.16666666667
40017,"canadian",1997,4,18759.25
40017,"canadian",1997,5,18763.33333333333
40017,"canadian",1997,6,18767.41666666667
40017,"canadian",1997,7,18771.5
40017,"canadian",1997,8,18775.58333333333
40017,"canadian",1997,9,18779.66666666667
40017,"canadian",1997,10,18783.75
40017,"canadian",1997,11,18787.83333333333
40017,"canadian",1997,12,18791.91666666667
40017,"canadian",1998,1,18796
40017,"canadian",1998,2,18799.999999999996
40017,"canadian",1998,3,18804.000000000004
40017,"canadian",1998,4,18808
40017,"canadian",1998,5,18811.999999999996
40017,"canadian",1998,6,18816.000000000004
40017,"canadian",1998,7,18820
40017,"canadian",1998,8,18823.999999999996
40017,"canadian",1998,9,18828.000000000004
40017,"canadian",1998,10,18832
40017,"canadian",1998,11,18835.999999999996
40017,"canadian",1998,12,18840.000000000004
40017,"canadian",1999,1,18844
40017,"canadian",1999,2,18862.16666666665
40017,"canadian",1999,3,18880.33333333335
40017,"canadian",1999,4,18898.5
40017,"canadian",1999,5,18916.66666666665
40017,"canadian",1999,6,18934.83333333335
40017,"canadian",1999,7,18953
40017,"canadian",1999,8,18971.16666666665
40017,"canadian",1999,9,18989.33333333335
40017,"canadian",1999,10,19007.5
40017,"canadian",1999,11,19025.66666666665
40017,"canadian",1999,12,19043.83333333335
40027,"cleveland",1990,1,46429
40027,"cleveland",1990,2,46477.41666666662
40027,"cleveland",1990,3,46525.83333333338
40027,"cleveland",1990,4,46574.25
40027,"cleveland",1990,5,46622.66666666662
40027,"cleveland",1990,6,46671.08333333338
40027,"cleveland",1990,7,46719.5
40027,"cleveland",1990,8,46767.91666666662
40027,"cleveland",1990,9,46816.33333333338
40027,"cleveland",1990,10,46864.75
40027,"cleveland",1990,11,46913.16666666662
40027,"cleveland",1990,12,46961.58333333338
40027,"cleveland",1991,1,47010
40027,"cleveland",1991,2,47034.333333333314
40027,"cleveland",1991,3,47058.666666666686
40027,"cleveland",1991,4,47083
40027,"cleveland",1991,5,47107.333333333314
40027,"cleveland",1991,6,47131.666666666686
40027,"cleveland",1991,7,47156
40027,"cleveland",1991,8,47180.333333333314
40027,"cleveland",1991,9,47204.666666666686
40027,"cleveland",1991,10,47229
40027,"cleveland",1991,11,47253.333333333314
40027,"cleveland",1991,12,47277.666666666686
40027,"cleveland",1992,1,47302
40027,"cleveland",1992,2,47349.58333333329
40027,"cleveland",1992,3,47397.16666666671
40027,"cleveland",1992,4,47444.75
40027,"cleveland",1992,5,47492.33333333329
40027,"cleveland",1992,6,47539.91666666671
40027,"cleveland",1992,7,47587.5
40027,"cleveland",1992,8,47635.08333333329
40027,"cleveland",1992,9,47682.66666666671
40027,"cleveland",1992,10,47730.25
40027,"cleveland",1992,11,47777.83333333329
40027,"cleveland",1992,12,47825.41666666671
40027,"cleveland",1993,1,47873
40027,"cleveland",1993,2,47927.24999999995
40027,"cleveland",1993,3,47981.50000000005
40027,"cleveland",1993,4,48035.75
40027,"cleveland",1993,5,48089.99999999995
40027,"cleveland",1993,6,48144.25000000005
40027,"cleveland",1993,7,48198.5
40027,"cleveland",1993,8,48252.74999999995
40027,"cleveland",1993,9,48307.00000000005
40027,"cleveland",1993,10,48361.25
40027,"cleveland",1993,11,48415.49999999995
40027,"cleveland",1993,12,48469.75000000005
40027,"cleveland",1994,1,48524
40027,"cleveland",1994,2,48555.08333333331
40027,"cleveland",1994,3,48586.16666666669
40027,"cleveland",1994,4,48617.25
40027,"cleveland",1994,5,48648.33333333331
40027,"cleveland",1994,6,48679.41666666669
40027,"cleveland",1994,7,48710.5
40027,"cleveland",1994,8,48741.58333333331
40027,"cleveland",1994,9,48772.66666666669
40027,"cleveland",1994,10,48803.75
40027,"cleveland",1994,11,48834.83333333331
40027,"cleveland",1994,12,48865.91666666669
40027,"cleveland",1995,1,48897
40027,"cleveland",1995,2,48927.66666666664
40027,"cleveland",1995,3,48958.33333333336
40027,"cleveland",1995,4,48989
40027,"cleveland",1995,5,49019.66666666664
40027,"cleveland",1995,6,49050.33333333336
40027,"cleveland",1995,7,49081
40027,"cleveland",1995,8,49111.66666666664
40027,"cleveland",1995,9,49142.33333333336
40027,"cleveland",1995,10,49173
40027,"cleveland",1995,11,49203.66666666664
40027,"cleveland",1995,12,49234.33333333336
40027,"cleveland",1996,1,49265
40027,"cleveland",1996,2,49343.74999999993
40027,"cleveland",1996,3,49422.50000000007
40027,"cleveland",1996,4,49501.25
40027,"cleveland",1996,5,49579.99999999993
40027,"cleveland",1996,6,49658.75000000007
40027,"cleveland",1996,7,49737.5
40027,"cleveland",1996,8,49816.24999999993
40027,"cleveland",1996,9,49895.00000000007
40027,"cleveland",1996,10,49973.75
40027,"cleveland",1996,11,50052.49999999993
40027,"cleveland",1996,12,50131.25000000007
40027,"cleveland",1997,1,50210
40027,"cleveland",1997,2,50234.66666666664
40027,"cleveland",1997,3,50259.33333333336
40027,"cleveland",1997,4,50284
40027,"cleveland",1997,5,50308.66666666664
40027,"cleveland",1997,6,50333.33333333336
40027,"cleveland",1997,7,50358
40027,"cleveland",1997,8,50382.66666666664
40027,"cleveland",1997,9,50407.33333333336
40027,"cleveland",1997,10,50432
40027,"cleveland",1997,11,50456.66666666664
40027,"cleveland",1997,12,50481.33333333336
40027,"cleveland",1998,1,50506
40027,"cleveland",1998,2,50525.16666666665
40027,"cleveland",1998,3,50544.33333333335
40027,"cleveland",1998,4,50563.5
40027,"cleveland",1998,5,50582.66666666665
40027,"cleveland",1998,6,50601.83333333335
40027,"cleveland",1998,7,50621
40027,"cleveland",1998,8,50640.16666666665
40027,"cleveland",1998,9,50659.33333333335
40027,"cleveland",1998,10,50678.5
40027,"cleveland",1998,11,50697.66666666665
40027,"cleveland",1998,12,50716.83333333335
40027,"cleveland",1999,1,50736
40027,"cleveland",1999,2,50722.66666666668
40027,"cleveland",1999,3,50709.33333333332
40027,"cleveland",1999,4,50696
40027,"cleveland",1999,5,50682.66666666668
40027,"cleveland",1999,6,50669.33333333332
40027,"cleveland",1999,7,50656
40027,"cleveland",1999,8,50642.66666666668
40027,"cleveland",1999,9,50629.33333333332
40027,"cleveland",1999,10,50616
40027,"cleveland",1999,11,50602.66666666668
40027,"cleveland",1999,12,50589.33333333332
40031,"comanche",1990,1,25634
40031,"comanche",1990,2,25627.83333333334
40031,"comanche",1990,3,25621.66666666666
40031,"comanche",1990,4,25615.5
40031,"comanche",1990,5,25609.33333333334
40031,"comanche",1990,6,25603.16666666666
40031,"comanche",1990,7,25597
40031,"comanche",1990,8,25590.83333333334
40031,"comanche",1990,9,25584.66666666666
40031,"comanche",1990,10,25578.5
40031,"comanche",1990,11,25572.33333333334
40031,"comanche",1990,12,25566.16666666666
40031,"comanche",1991,1,25560
40031,"comanche",1991,2,25725.333333333183
40031,"comanche",1991,3,25890.666666666817
40031,"comanche",1991,4,26056
40031,"comanche",1991,5,26221.333333333183
40031,"comanche",1991,6,26386.666666666817
40031,"comanche",1991,7,26552
40031,"comanche",1991,8,26717.333333333183
40031,"comanche",1991,9,26882.666666666817
40031,"comanche",1991,10,27048
40031,"comanche",1991,11,27213.333333333183
40031,"comanche",1991,12,27378.666666666817
40031,"comanche",1992,1,27544
40031,"comanche",1992,2,27503.000000000036
40031,"comanche",1992,3,27461.999999999964
40031,"comanche",1992,4,27421
40031,"comanche",1992,5,27380.000000000036
40031,"comanche",1992,6,27338.999999999964
40031,"comanche",1992,7,27298
40031,"comanche",1992,8,27257.000000000036
40031,"comanche",1992,9,27215.999999999964
40031,"comanche",1992,10,27175
40031,"comanche",1992,11,27134.000000000036
40031,"comanche",1992,12,27092.999999999964
40031,"comanche",1993,1,27052
40031,"comanche",1993,2,27042.083333333343
40031,"comanche",1993,3,27032.166666666657
40031,"comanche",1993,4,27022.25
40031,"comanche",1993,5,27012.333333333343
40031,"comanche",1993,6,27002.416666666657
40031,"comanche",1993,7,26992.5
40031,"comanche",1993,8,26982.583333333343
40031,"comanche",1993,9,26972.666666666657
40031,"comanche",1993,10,26962.75
40031,"comanche",1993,11,26952.833333333343
40031,"comanche",1993,12,26942.916666666657
40031,"comanche",1994,1,26933
40031,"comanche",1994,2,26885.41666666671
40031,"comanche",1994,3,26837.83333333329
40031,"comanche",1994,4,26790.25
40031,"comanche",1994,5,26742.66666666671
40031,"comanche",1994,6,26695.08333333329
40031,"comanche",1994,7,26647.5
40031,"comanche",1994,8,26599.91666666671
40031,"comanche",1994,9,26552.33333333329
40031,"comanche",1994,10,26504.75
40031,"comanche",1994,11,26457.16666666671
40031,"comanche",1994,12,26409.58333333329
40031,"comanche",1995,1,26362
40031,"comanche",1995,2,26361.916666666668
40031,"comanche",1995,3,26361.833333333332
40031,"comanche",1995,4,26361.75
40031,"comanche",1995,5,26361.666666666668
40031,"comanche",1995,6,26361.583333333332
40031,"comanche",1995,7,26361.5
40031,"comanche",1995,8,26361.416666666668
40031,"comanche",1995,9,26361.333333333332
40031,"comanche",1995,10,26361.25
40031,"comanche",1995,11,26361.166666666668
40031,"comanche",1995,12,26361.083333333332
40031,"comanche",1996,1,26361
40031,"comanche",1996,2,26337.16666666669
40031,"comanche",1996,3,26313.33333333331
40031,"comanche",1996,4,26289.5
40031,"comanche",1996,5,26265.66666666669
40031,"comanche",1996,6,26241.83333333331
40031,"comanche",1996,7,26218
40031,"comanche",1996,8,26194.16666666669
40031,"comanche",1996,9,26170.33333333331
40031,"comanche",1996,10,26146.5
40031,"comanche",1996,11,26122.66666666669
40031,"comanche",1996,12,26098.83333333331
40031,"comanche",1997,1,26075
40031,"comanche",1997,2,26059.083333333347
40031,"comanche",1997,3,26043.166666666653
40031,"comanche",1997,4,26027.25
40031,"comanche",1997,5,26011.333333333347
40031,"comanche",1997,6,25995.416666666653
40031,"comanche",1997,7,25979.5
40031,"comanche",1997,8,25963.583333333347
40031,"comanche",1997,9,25947.666666666653
40031,"comanche",1997,10,25931.75
40031,"comanche",1997,11,25915.833333333347
40031,"comanche",1997,12,25899.916666666653
40031,"comanche",1998,1,25884
40031,"comanche",1998,2,25853.08333333336
40031,"comanche",1998,3,25822.16666666664
40031,"comanche",1998,4,25791.25
40031,"comanche",1998,5,25760.33333333336
40031,"comanche",1998,6,25729.41666666664
40031,"comanche",1998,7,25698.5
40031,"comanche",1998,8,25667.58333333336
40031,"comanche",1998,9,25636.66666666664
40031,"comanche",1998,10,25605.75
40031,"comanche",1998,11,25574.83333333336
40031,"comanche",1998,12,25543.91666666664
40031,"comanche",1999,1,25513
40031,"comanche",1999,2,25480.00000000003
40031,"comanche",1999,3,25446.99999999997
40031,"comanche",1999,4,25414
40031,"comanche",1999,5,25381.00000000003
40031,"comanche",1999,6,25347.99999999997
40031,"comanche",1999,7,25315
40031,"comanche",1999,8,25282.00000000003
40031,"comanche",1999,9,25248.99999999997
40031,"comanche",1999,10,25216
40031,"comanche",1999,11,25183.00000000003
40031,"comanche",1999,12,25149.99999999997
40037,"creek",1990,1,13273
40037,"creek",1990,2,13284.249999999989
40037,"creek",1990,3,13295.500000000011
40037,"creek",1990,4,13306.75
40037,"creek",1990,5,13317.999999999989
40037,"creek",1990,6,13329.250000000011
40037,"creek",1990,7,13340.5
40037,"creek",1990,8,13351.749999999989
40037,"creek",1990,9,13363.000000000011
40037,"creek",1990,10,13374.25
40037,"creek",1990,11,13385.499999999989
40037,"creek",1990,12,13396.750000000011
40037,"creek",1991,1,13408
40037,"creek",1991,2,13398.25000000001
40037,"creek",1991,3,13388.49999999999
40037,"creek",1991,4,13378.75
40037,"creek",1991,5,13369.00000000001
40037,"creek",1991,6,13359.24999999999
40037,"creek",1991,7,13349.5
40037,"creek",1991,8,13339.75000000001
40037,"creek",1991,9,13329.99999999999
40037,"creek",1991,10,13320.25
40037,"creek",1991,11,13310.50000000001
40037,"creek",1991,12,13300.74999999999
40037,"creek",1992,1,13291
40037,"creek",1992,2,13291.083333333334
40037,"creek",1992,3,13291.166666666666
40037,"creek",1992,4,13291.25
40037,"creek",1992,5,13291.333333333334
40037,"creek",1992,6,13291.416666666666
40037,"creek",1992,7,13291.5
40037,"creek",1992,8,13291.583333333334
40037,"creek",1992,9,13291.666666666666
40037,"creek",1992,10,13291.75
40037,"creek",1992,11,13291.833333333334
40037,"creek",1992,12,13291.916666666666
40037,"creek",1993,1,13292
40037,"creek",1993,2,13293.916666666664
40037,"creek",1993,3,13295.833333333336
40037,"creek",1993,4,13297.75
40037,"creek",1993,5,13299.666666666664
40037,"creek",1993,6,13301.583333333336
40037,"creek",1993,7,13303.5
40037,"creek",1993,8,13305.416666666664
40037,"creek",1993,9,13307.333333333336
40037,"creek",1993,10,13309.25
40037,"creek",1993,11,13311.166666666664
40037,"creek",1993,12,13313.083333333336
40037,"creek",1994,1,13315
40037,"creek",1994,2,13317.499999999998
40037,"creek",1994,3,13320.000000000002
40037,"creek",1994,4,13322.5
40037,"creek",1994,5,13324.999999999998
40037,"creek",1994,6,13327.500000000002
40037,"creek",1994,7,13330
40037,"creek",1994,8,13332.499999999998
40037,"creek",1994,9,13335.000000000002
40037,"creek",1994,10,13337.5
40037,"creek",1994,11,13339.999999999998
40037,"creek",1994,12,13342.500000000002
40037,"creek",1995,1,13345
40037,"creek",1995,2,13349.166666666662
40037,"creek",1995,3,13353.333333333338
40037,"creek",1995,4,13357.5
40037,"creek",1995,5,13361.666666666662
40037,"creek",1995,6,13365.833333333338
40037,"creek",1995,7,13370
40037,"creek",1995,8,13374.166666666662
40037,"creek",1995,9,13378.333333333338
40037,"creek",1995,10,13382.5
40037,"creek",1995,11,13386.666666666662
40037,"creek",1995,12,13390.833333333338
40037,"creek",1996,1,13395
40037,"creek",1996,2,13402.916666666659
40037,"creek",1996,3,13410.833333333341
40037,"creek",1996,4,13418.75
40037,"creek",1996,5,13426.666666666659
40037,"creek",1996,6,13434.583333333341
40037,"creek",1996,7,13442.5
40037,"creek",1996,8,13450.416666666659
40037,"creek",1996,9,13458.333333333341
40037,"creek",1996,10,13466.25
40037,"creek",1996,11,13474.166666666659
40037,"creek",1996,12,13482.083333333341
40037,"creek",1997,1,13490
40037,"creek",1997,2,13493.749999999996
40037,"creek",1997,3,13497.500000000004
40037,"creek",1997,4,13501.25
40037,"creek",1997,5,13504.999999999996
40037,"creek",1997,6,13508.750000000004
40037,"creek",1997,7,13512.5
40037,"creek",1997,8,13516.249999999996
40037,"creek",1997,9,13520.000000000004
40037,"creek",1997,10,13523.75
40037,"creek",1997,11,13527.499999999996
40037,"creek",1997,12,13531.250000000004
40037,"creek",1998,1,13535
40037,"creek",1998,2,13538.416666666664
40037,"creek",1998,3,13541.833333333336
40037,"creek",1998,4,13545.25
40037,"creek",1998,5,13548.666666666664
40037,"creek",1998,6,13552.083333333336
40037,"creek",1998,7,13555.5
40037,"creek",1998,8,13558.916666666664
40037,"creek",1998,9,13562.333333333336
40037,"creek",1998,10,13565.75
40037,"creek",1998,11,13569.166666666664
40037,"creek",1998,12,13572.583333333336
40037,"creek",1999,1,13576
40037,"creek",1999,2,13569.58333333334
40037,"creek",1999,3,13563.16666666666
40037,"creek",1999,4,13556.75
40037,"creek",1999,5,13550.33333333334
40037,"creek",1999,6,13543.91666666666
40037,"creek",1999,7,13537.5
40037,"creek",1999,8,13531.08333333334
40037,"creek",1999,9,13524.66666666666
40037,"creek",1999,10,13518.25
40037,"creek",1999,11,13511.83333333334
40037,"creek",1999,12,13505.41666666666
40083,"logan",1990,1,6577
40083,"logan",1990,2,6589.083333333322
40083,"logan",1990,3,6601.166666666678
40083,"logan",1990,4,6613.25
40083,"logan",1990,5,6625.333333333322
40083,"logan",1990,6,6637.416666666678
40083,"logan",1990,7,6649.5
40083,"logan",1990,8,6661.583333333322
40083,"logan",1990,9,6673.666666666678
40083,"logan",1990,10,6685.75
40083,"logan",1990,11,6697.833333333322
40083,"logan",1990,12,6709.916666666678
40083,"logan",1991,1,6722
40083,"logan",1991,2,6729.583333333327
40083,"logan",1991,3,6737.166666666673
40083,"logan",1991,4,6744.75
40083,"logan",1991,5,6752.333333333327
40083,"logan",1991,6,6759.916666666673
40083,"logan",1991,7,6767.5
40083,"logan",1991,8,6775.083333333327
40083,"logan",1991,9,6782.666666666673
40083,"logan",1991,10,6790.25
40083,"logan",1991,11,6797.833333333327
40083,"logan",1991,12,6805.416666666673
40083,"logan",1992,1,6813
40083,"logan",1992,2,6829.0833333333185
40083,"logan",1992,3,6845.1666666666815
40083,"logan",1992,4,6861.25
40083,"logan",1992,5,6877.3333333333185
40083,"logan",1992,6,6893.4166666666815
40083,"logan",1992,7,6909.5
40083,"logan",1992,8,6925.5833333333185
40083,"logan",1992,9,6941.6666666666815
40083,"logan",1992,10,6957.75
40083,"logan",1992,11,6973.8333333333185
40083,"logan",1992,12,6989.9166666666815
40083,"logan",1993,1,7006
40083,"logan",1993,2,7008.583333333331
40083,"logan",1993,3,7011.166666666669
40083,"logan",1993,4,7013.75
40083,"logan",1993,5,7016.333333333331
40083,"logan",1993,6,7018.916666666669
40083,"logan",1993,7,7021.5
40083,"logan",1993,8,7024.083333333331
40083,"logan",1993,9,7026.666666666669
40083,"logan",1993,10,7029.25
40083,"logan",1993,11,7031.833333333331
40083,"logan",1993,12,7034.416666666669
40083,"logan",1994,1,7037
40083,"logan",1994,2,7039.416666666664
40083,"logan",1994,3,7041.833333333336
40083,"logan",1994,4,7044.25
40083,"logan",1994,5,7046.666666666664
40083,"logan",1994,6,7049.083333333336
40083,"logan",1994,7,7051.5
40083,"logan",1994,8,7053.916666666664
40083,"logan",1994,9,7056.333333333336
40083,"logan",1994,10,7058.75
40083,"logan",1994,11,7061.166666666664
40083,"logan",1994,12,7063.583333333336
40083,"logan",1995,1,7066
40083,"logan",1995,2,7066
40083,"logan",1995,3,7066
40083,"logan",1995,4,7066
40083,"logan",1995,5,7066
40083,"logan",1995,6,7066
40083,"logan",1995,7,7066
40083,"logan",1995,8,7066
40083,"logan",1995,9,7066
40083,"logan",1995,10,7066
40083,"logan",1995,11,7066
40083,"logan",1995,12,7066
40083,"logan",1996,1,7066
40083,"logan",1996,2,7078.333333333322
40083,"logan",1996,3,7090.666666666678
40083,"logan",1996,4,7103
40083,"logan",1996,5,7115.333333333322
40083,"logan",1996,6,7127.666666666678
40083,"logan",1996,7,7140
40083,"logan",1996,8,7152.333333333322
40083,"logan",1996,9,7164.666666666678
40083,"logan",1996,10,7177
40083,"logan",1996,11,7189.333333333322
40083,"logan",1996,12,7201.666666666678
40083,"logan",1997,1,7214
40083,"logan",1997,2,7222.583333333326
40083,"logan",1997,3,7231.166666666674
40083,"logan",1997,4,7239.75
40083,"logan",1997,5,7248.333333333326
40083,"logan",1997,6,7256.916666666674
40083,"logan",1997,7,7265.5
40083,"logan",1997,8,7274.083333333326
40083,"logan",1997,9,7282.666666666674
40083,"logan",1997,10,7291.25
40083,"logan",1997,11,7299.833333333326
40083,"logan",1997,12,7308.416666666674
40083,"logan",1998,1,7317
40083,"logan",1998,2,7325.666666666659
40083,"logan",1998,3,7334.333333333341
40083,"logan",1998,4,7343
40083,"logan",1998,5,7351.666666666659
40083,"logan",1998,6,7360.333333333341
40083,"logan",1998,7,7369
40083,"logan",1998,8,7377.666666666659
40083,"logan",1998,9,7386.333333333341
40083,"logan",1998,10,7395
40083,"logan",1998,11,7403.666666666659
40083,"logan",1998,12,7412.333333333341
40083,"logan",1999,1,7421
40083,"logan",1999,2,7426.4166666666615
40083,"logan",1999,3,7431.8333333333385
40083,"logan",1999,4,7437.25
40083,"logan",1999,5,7442.6666666666615
40083,"logan",1999,6,7448.0833333333385
40083,"logan",1999,7,7453.5
40083,"logan",1999,8,7458.9166666666615
40083,"logan",1999,9,7464.3333333333385
40083,"logan",1999,10,7469.75
40083,"logan",1999,11,7475.1666666666615
40083,"logan",1999,12,7480.5833333333385
40087,"mcclain",1990,1,4981
40087,"mcclain",1990,2,4986.166666666662
40087,"mcclain",1990,3,4991.333333333338
40087,"mcclain",1990,4,4996.5
40087,"mcclain",1990,5,5001.666666666662
40087,"mcclain",1990,6,5006.833333333338
40087,"mcclain",1990,7,5012
40087,"mcclain",1990,8,5017.166666666662
40087,"mcclain",1990,9,5022.333333333338
40087,"mcclain",1990,10,5027.5
40087,"mcclain",1990,11,5032.666666666662
40087,"mcclain",1990,12,5037.833333333338
40087,"mcclain",1991,1,5043
40087,"mcclain",1991,2,5047.333333333329
40087,"mcclain",1991,3,5051.666666666671
40087,"mcclain",1991,4,5056
40087,"mcclain",1991,5,5060.333333333329
40087,"mcclain",1991,6,5064.666666666671
40087,"mcclain",1991,7,5069
40087,"mcclain",1991,8,5073.333333333329
40087,"mcclain",1991,9,5077.666666666671
40087,"mcclain",1991,10,5082
40087,"mcclain",1991,11,5086.333333333329
40087,"mcclain",1991,12,5090.666666666671
40087,"mcclain",1992,1,5095
40087,"mcclain",1992,2,5105.249999999991
40087,"mcclain",1992,3,5115.500000000009
40087,"mcclain",1992,4,5125.75
40087,"mcclain",1992,5,5135.999999999991
40087,"mcclain",1992,6,5146.250000000009
40087,"mcclain",1992,7,5156.5
40087,"mcclain",1992,8,5166.749999999991
40087,"mcclain",1992,9,5177.000000000009
40087,"mcclain",1992,10,5187.25
40087,"mcclain",1992,11,5197.499999999991
40087,"mcclain",1992,12,5207.750000000009
40087,"mcclain",1993,1,5218
40087,"mcclain",1993,2,5228.583333333324
40087,"mcclain",1993,3,5239.166666666676
40087,"mcclain",1993,4,5249.75
40087,"mcclain",1993,5,5260.333333333324
40087,"mcclain",1993,6,5270.916666666676
40087,"mcclain",1993,7,5281.5
40087,"mcclain",1993,8,5292.083333333324
40087,"mcclain",1993,9,5302.666666666676
40087,"mcclain",1993,10,5313.25
40087,"mcclain",1993,11,5323.833333333324
40087,"mcclain",1993,12,5334.416666666676
40087,"mcclain",1994,1,5345
40087,"mcclain",1994,2,5357.666666666655
40087,"mcclain",1994,3,5370.333333333345
40087,"mcclain",1994,4,5383
40087,"mcclain",1994,5,5395.666666666655
40087,"mcclain",1994,6,5408.333333333345
40087,"mcclain",1994,7,5421
40087,"mcclain",1994,8,5433.666666666655
40087,"mcclain",1994,9,5446.333333333345
40087,"mcclain",1994,10,5459
40087,"mcclain",1994,11,5471.666666666655
40087,"mcclain",1994,12,5484.333333333345
40087,"mcclain",1995,1,5497
40087,"mcclain",1995,2,5501.999999999995
40087,"mcclain",1995,3,5507.000000000005
40087,"mcclain",1995,4,5512
40087,"mcclain",1995,5,5516.999999999995
40087,"mcclain",1995,6,5522.000000000005
40087,"mcclain",1995,7,5527
40087,"mcclain",1995,8,5531.999999999995
40087,"mcclain",1995,9,5537.000000000005
40087,"mcclain",1995,10,5542
40087,"mcclain",1995,11,5546.999999999995
40087,"mcclain",1995,12,5552.000000000005
40087,"mcclain",1996,1,5557
40087,"mcclain",1996,2,5564.083333333327
40087,"mcclain",1996,3,5571.166666666673
40087,"mcclain",1996,4,5578.25
40087,"mcclain",1996,5,5585.333333333327
40087,"mcclain",1996,6,5592.416666666673
40087,"mcclain",1996,7,5599.5
40087,"mcclain",1996,8,5606.583333333327
40087,"mcclain",1996,9,5613.666666666673
40087,"mcclain",1996,10,5620.75
40087,"mcclain",1996,11,5627.833333333327
40087,"mcclain",1996,12,5634.916666666673
40087,"mcclain",1997,1,5642
40087,"mcclain",1997,2,5648.416666666661
40087,"mcclain",1997,3,5654.833333333339
40087,"mcclain",1997,4,5661.25
40087,"mcclain",1997,5,5667.666666666661
40087,"mcclain",1997,6,5674.083333333339
40087,"mcclain",1997,7,5680.5
40087,"mcclain",1997,8,5686.916666666661
40087,"mcclain",1997,9,5693.333333333339
40087,"mcclain",1997,10,5699.75
40087,"mcclain",1997,11,5706.166666666661
40087,"mcclain",1997,12,5712.583333333339
40087,"mcclain",1998,1,5719
40087,"mcclain",1998,2,5728.499999999991
40087,"mcclain",1998,3,5738.000000000009
40087,"mcclain",1998,4,5747.5
40087,"mcclain",1998,5,5756.999999999991
40087,"mcclain",1998,6,5766.500000000009
40087,"mcclain",1998,7,5776
40087,"mcclain",1998,8,5785.499999999991
40087,"mcclain",1998,9,5795.000000000009
40087,"mcclain",1998,10,5804.5
40087,"mcclain",1998,11,5813.999999999991
40087,"mcclain",1998,12,5823.500000000009
40087,"mcclain",1999,1,5833
40087,"mcclain",1999,2,5837.499999999996
40087,"mcclain",1999,3,5842.000000000004
40087,"mcclain",1999,4,5846.5
40087,"mcclain",1999,5,5850.999999999996
40087,"mcclain",1999,6,5855.500000000004
40087,"mcclain",1999,7,5860
40087,"mcclain",1999,8,5864.499999999996
40087,"mcclain",1999,9,5869.000000000004
40087,"mcclain",1999,10,5873.5
40087,"mcclain",1999,11,5877.999999999996
40087,"mcclain",1999,12,5882.500000000004
40109,"oklahoma",1990,1,143192
40109,"oklahoma",1990,2,143278.6666666666
40109,"oklahoma",1990,3,143365.3333333334
40109,"oklahoma",1990,4,143452
40109,"oklahoma",1990,5,143538.6666666666
40109,"oklahoma",1990,6,143625.3333333334
40109,"oklahoma",1990,7,143712
40109,"oklahoma",1990,8,143798.6666666666
40109,"oklahoma",1990,9,143885.3333333334
40109,"oklahoma",1990,10,143972
40109,"oklahoma",1990,11,144058.6666666666
40109,"oklahoma",1990,12,144145.3333333334
40109,"oklahoma",1991,1,144232
40109,"oklahoma",1991,2,144280.58333333328
40109,"oklahoma",1991,3,144329.16666666672
40109,"oklahoma",1991,4,144377.75
40109,"oklahoma",1991,5,144426.33333333328
40109,"oklahoma",1991,6,144474.91666666672
40109,"oklahoma",1991,7,144523.5
40109,"oklahoma",1991,8,144572.08333333328
40109,"oklahoma",1991,9,144620.66666666672
40109,"oklahoma",1991,10,144669.25
40109,"oklahoma",1991,11,144717.83333333328
40109,"oklahoma",1991,12,144766.41666666672
40109,"oklahoma",1992,1,144815
40109,"oklahoma",1992,2,144892.4166666666
40109,"oklahoma",1992,3,144969.8333333334
40109,"oklahoma",1992,4,145047.25
40109,"oklahoma",1992,5,145124.6666666666
40109,"oklahoma",1992,6,145202.0833333334
40109,"oklahoma",1992,7,145279.5
40109,"oklahoma",1992,8,145356.9166666666
40109,"oklahoma",1992,9,145434.3333333334
40109,"oklahoma",1992,10,145511.75
40109,"oklahoma",1992,11,145589.1666666666
40109,"oklahoma",1992,12,145666.5833333334
40109,"oklahoma",1993,1,145744
40109,"oklahoma",1993,2,145831.9999999999
40109,"oklahoma",1993,3,145920.0000000001
40109,"oklahoma",1993,4,146008
40109,"oklahoma",1993,5,146095.9999999999
40109,"oklahoma",1993,6,146184.0000000001
40109,"oklahoma",1993,7,146272
40109,"oklahoma",1993,8,146359.9999999999
40109,"oklahoma",1993,9,146448.0000000001
40109,"oklahoma",1993,10,146536
40109,"oklahoma",1993,11,146623.9999999999
40109,"oklahoma",1993,12,146712.0000000001
40109,"oklahoma",1994,1,146800
40109,"oklahoma",1994,2,146805.25
40109,"oklahoma",1994,3,146810.5
40109,"oklahoma",1994,4,146815.75
40109,"oklahoma",1994,5,146821
40109,"oklahoma",1994,6,146826.25
40109,"oklahoma",1994,7,146831.5
40109,"oklahoma",1994,8,146836.75
40109,"oklahoma",1994,9,146842
40109,"oklahoma",1994,10,146847.25
40109,"oklahoma",1994,11,146852.5
40109,"oklahoma",1994,12,146857.75
40109,"oklahoma",1995,1,146863
40109,"oklahoma",1995,2,146948.83333333326
40109,"oklahoma",1995,3,147034.66666666674
40109,"oklahoma",1995,4,147120.5
40109,"oklahoma",1995,5,147206.33333333326
40109,"oklahoma",1995,6,147292.16666666674
40109,"oklahoma",1995,7,147378
40109,"oklahoma",1995,8,147463.83333333326
40109,"oklahoma",1995,9,147549.66666666674
40109,"oklahoma",1995,10,147635.5
40109,"oklahoma",1995,11,147721.33333333326
40109,"oklahoma",1995,12,147807.16666666674
40109,"oklahoma",1996,1,147893
40109,"oklahoma",1996,2,147938.99999999997
40109,"oklahoma",1996,3,147985.00000000003
40109,"oklahoma",1996,4,148031
40109,"oklahoma",1996,5,148076.99999999997
40109,"oklahoma",1996,6,148123.00000000003
40109,"oklahoma",1996,7,148169
40109,"oklahoma",1996,8,148214.99999999997
40109,"oklahoma",1996,9,148261.00000000003
40109,"oklahoma",1996,10,148307
40109,"oklahoma",1996,11,148352.99999999997
40109,"oklahoma",1996,12,148399.00000000003
40109,"oklahoma",1997,1,148445
40109,"oklahoma",1997,2,148447.16666666666
40109,"oklahoma",1997,3,148449.33333333334
40109,"oklahoma",1997,4,148451.5
40109,"oklahoma",1997,5,148453.66666666666
40109,"oklahoma",1997,6,148455.83333333334
40109,"oklahoma",1997,7,148458
40109,"oklahoma",1997,8,148460.16666666666
40109,"oklahoma",1997,9,148462.33333333334
40109,"oklahoma",1997,10,148464.5
40109,"oklahoma",1997,11,148466.66666666666
40109,"oklahoma",1997,12,148468.83333333334
40109,"oklahoma",1998,1,148471
40109,"oklahoma",1998,2,148554.6666666666
40109,"oklahoma",1998,3,148638.3333333334
40109,"oklahoma",1998,4,148722
40109,"oklahoma",1998,5,148805.6666666666
40109,"oklahoma",1998,6,148889.3333333334
40109,"oklahoma",1998,7,148973
40109,"oklahoma",1998,8,149056.6666666666
40109,"oklahoma",1998,9,149140.3333333334
40109,"oklahoma",1998,10,149224
40109,"oklahoma",1998,11,149307.6666666666
40109,"oklahoma",1998,12,149391.3333333334
40109,"oklahoma",1999,1,149475
40109,"oklahoma",1999,2,149477.83333333334
40109,"oklahoma",1999,3,149480.66666666666
40109,"oklahoma",1999,4,149483.5
40109,"oklahoma",1999,5,149486.33333333334
40109,"oklahoma",1999,6,149489.16666666666
40109,"oklahoma",1999,7,149492
40109,"oklahoma",1999,8,149494.83333333334
40109,"oklahoma",1999,9,149497.66666666666
40109,"oklahoma",1999,10,149500.5
40109,"oklahoma",1999,11,149503.33333333334
40109,"oklahoma",1999,12,149506.16666666666
40113,"osage",1990,1,8539
40113,"osage",1990,2,8538.75
40113,"osage",1990,3,8538.5
40113,"osage",1990,4,8538.25
40113,"osage",1990,5,8538
40113,"osage",1990,6,8537.75
40113,"osage",1990,7,8537.5
40113,"osage",1990,8,8537.25
40113,"osage",1990,9,8537
40113,"osage",1990,10,8536.75
40113,"osage",1990,11,8536.5
40113,"osage",1990,12,8536.25
40113,"osage",1991,1,8536
40113,"osage",1991,2,8536.083333333334
40113,"osage",1991,3,8536.166666666666
40113,"osage",1991,4,8536.25
40113,"osage",1991,5,8536.333333333334
40113,"osage",1991,6,8536.416666666666
40113,"osage",1991,7,8536.5
40113,"osage",1991,8,8536.583333333334
40113,"osage",1991,9,8536.666666666666
40113,"osage",1991,10,8536.75
40113,"osage",1991,11,8536.833333333334
40113,"osage",1991,12,8536.916666666666
40113,"osage",1992,1,8537
40113,"osage",1992,2,8544.41666666666
40113,"osage",1992,3,8551.83333333334
40113,"osage",1992,4,8559.25
40113,"osage",1992,5,8566.66666666666
40113,"osage",1992,6,8574.08333333334
40113,"osage",1992,7,8581.5
40113,"osage",1992,8,8588.91666666666
40113,"osage",1992,9,8596.33333333334
40113,"osage",1992,10,8603.75
40113,"osage",1992,11,8611.16666666666
40113,"osage",1992,12,8618.58333333334
40113,"osage",1993,1,8626
40113,"osage",1993,2,8617.916666666673
40113,"osage",1993,3,8609.833333333327
40113,"osage",1993,4,8601.75
40113,"osage",1993,5,8593.666666666673
40113,"osage",1993,6,8585.583333333327
40113,"osage",1993,7,8577.5
40113,"osage",1993,8,8569.416666666673
40113,"osage",1993,9,8561.333333333327
40113,"osage",1993,10,8553.25
40113,"osage",1993,11,8545.166666666673
40113,"osage",1993,12,8537.083333333327
40113,"osage",1994,1,8529
40113,"osage",1994,2,8525.91666666667
40113,"osage",1994,3,8522.83333333333
40113,"osage",1994,4,8519.75
40113,"osage",1994,5,8516.66666666667
40113,"osage",1994,6,8513.58333333333
40113,"osage",1994,7,8510.5
40113,"osage",1994,8,8507.41666666667
40113,"osage",1994,9,8504.33333333333
40113,"osage",1994,10,8501.25
40113,"osage",1994,11,8498.16666666667
40113,"osage",1994,12,8495.08333333333
40113,"osage",1995,1,8492
40113,"osage",1995,2,8492.416666666666
40113,"osage",1995,3,8492.833333333334
40113,"osage",1995,4,8493.25
40113,"osage",1995,5,8493.666666666666
40113,"osage",1995,6,8494.083333333334
40113,"osage",1995,7,8494.5
40113,"osage",1995,8,8494.916666666666
40113,"osage",1995,9,8495.333333333334
40113,"osage",1995,10,8495.75
40113,"osage",1995,11,8496.166666666666
40113,"osage",1995,12,8496.583333333334
40113,"osage",1996,1,8497
40113,"osage",1996,2,8497.583333333332
40113,"osage",1996,3,8498.166666666668
40113,"osage",1996,4,8498.75
40113,"osage",1996,5,8499.333333333332
40113,"osage",1996,6,8499.916666666668
40113,"osage",1996,7,8500.5
40113,"osage",1996,8,8501.083333333332
40113,"osage",1996,9,8501.666666666668
40113,"osage",1996,10,8502.25
40113,"osage",1996,11,8502.833333333332
40113,"osage",1996,12,8503.416666666668
40113,"osage",1997,1,8504
40113,"osage",1997,2,8508.166666666662
40113,"osage",1997,3,8512.333333333338
40113,"osage",1997,4,8516.5
40113,"osage",1997,5,8520.666666666662
40113,"osage",1997,6,8524.833333333338
40113,"osage",1997,7,8529
40113,"osage",1997,8,8533.166666666662
40113,"osage",1997,9,8537.333333333338
40113,"osage",1997,10,8541.5
40113,"osage",1997,11,8545.666666666662
40113,"osage",1997,12,8549.833333333338
40113,"osage",1998,1,8554
40113,"osage",1998,2,8550.083333333338
40113,"osage",1998,3,8546.166666666662
40113,"osage",1998,4,8542.25
40113,"osage",1998,5,8538.333333333338
40113,"osage",1998,6,8534.416666666662
40113,"osage",1998,7,8530.5
40113,"osage",1998,8,8526.583333333338
40113,"osage",1998,9,8522.666666666662
40113,"osage",1998,10,8518.75
40113,"osage",1998,11,8514.833333333338
40113,"osage",1998,12,8510.916666666662
40113,"osage",1999,1,8507
40113,"osage",1999,2,8505.166666666668
40113,"osage",1999,3,8503.333333333332
40113,"osage",1999,4,8501.5
40113,"osage",1999,5,8499.666666666668
40113,"osage",1999,6,8497.833333333332
40113,"osage",1999,7,8496
40113,"osage",1999,8,8494.166666666668
40113,"osage",1999,9,8492.333333333332
40113,"osage",1999,10,8490.5
40113,"osage",1999,11,8488.666666666668
40113,"osage",1999,12,8486.833333333332
40125,"pottawatomie",1990,1,13100
40125,"pottawatomie",1990,2,13102.083333333332
40125,"pottawatomie",1990,3,13104.166666666668
40125,"pottawatomie",1990,4,13106.25
40125,"pottawatomie",1990,5,13108.333333333332
40125,"pottawatomie",1990,6,13110.416666666668
40125,"pottawatomie",1990,7,13112.5
40125,"pottawatomie",1990,8,13114.583333333332
40125,"pottawatomie",1990,9,13116.666666666668
40125,"pottawatomie",1990,10,13118.75
40125,"pottawatomie",1990,11,13120.833333333332
40125,"pottawatomie",1990,12,13122.916666666668
40125,"pottawatomie",1991,1,13125
40125,"pottawatomie",1991,2,13130.333333333328
40125,"pottawatomie",1991,3,13135.666666666672
40125,"pottawatomie",1991,4,13141
40125,"pottawatomie",1991,5,13146.333333333328
40125,"pottawatomie",1991,6,13151.666666666672
40125,"pottawatomie",1991,7,13157
40125,"pottawatomie",1991,8,13162.333333333328
40125,"pottawatomie",1991,9,13167.666666666672
40125,"pottawatomie",1991,10,13173
40125,"pottawatomie",1991,11,13178.333333333328
40125,"pottawatomie",1991,12,13183.666666666672
40125,"pottawatomie",1992,1,13189
40125,"pottawatomie",1992,2,13206.999999999984
40125,"pottawatomie",1992,3,13225.000000000016
40125,"pottawatomie",1992,4,13243
40125,"pottawatomie",1992,5,13260.999999999984
40125,"pottawatomie",1992,6,13279.000000000016
40125,"pottawatomie",1992,7,13297
40125,"pottawatomie",1992,8,13314.999999999984
40125,"pottawatomie",1992,9,13333.000000000016
40125,"pottawatomie",1992,10,13351
40125,"pottawatomie",1992,11,13368.999999999984
40125,"pottawatomie",1992,12,13387.000000000016
40125,"pottawatomie",1993,1,13405
40125,"pottawatomie",1993,2,13396.250000000007
40125,"pottawatomie",1993,3,13387.499999999993
40125,"pottawatomie",1993,4,13378.75
40125,"pottawatomie",1993,5,13370.000000000007
40125,"pottawatomie",1993,6,13361.249999999993
40125,"pottawatomie",1993,7,13352.5
40125,"pottawatomie",1993,8,13343.750000000007
40125,"pottawatomie",1993,9,13334.999999999993
40125,"pottawatomie",1993,10,13326.25
40125,"pottawatomie",1993,11,13317.500000000007
40125,"pottawatomie",1993,12,13308.749999999993
40125,"pottawatomie",1994,1,13300
40125,"pottawatomie",1994,2,13318.66666666665
40125,"pottawatomie",1994,3,13337.33333333335
40125,"pottawatomie",1994,4,13356
40125,"pottawatomie",1994,5,13374.66666666665
40125,"pottawatomie",1994,6,13393.33333333335
40125,"pottawatomie",1994,7,13412
40125,"pottawatomie",1994,8,13430.66666666665
40125,"pottawatomie",1994,9,13449.33333333335
40125,"pottawatomie",1994,10,13468
40125,"pottawatomie",1994,11,13486.66666666665
40125,"pottawatomie",1994,12,13505.33333333335
40125,"pottawatomie",1995,1,13524
40125,"pottawatomie",1995,2,13548.83333333331
40125,"pottawatomie",1995,3,13573.66666666669
40125,"pottawatomie",1995,4,13598.5
40125,"pottawatomie",1995,5,13623.33333333331
40125,"pottawatomie",1995,6,13648.16666666669
40125,"pottawatomie",1995,7,13673
40125,"pottawatomie",1995,8,13697.83333333331
40125,"pottawatomie",1995,9,13722.66666666669
40125,"pottawatomie",1995,10,13747.5
40125,"pottawatomie",1995,11,13772.33333333331
40125,"pottawatomie",1995,12,13797.16666666669
40125,"pottawatomie",1996,1,13822
40125,"pottawatomie",1996,2,13812.916666666675
40125,"pottawatomie",1996,3,13803.833333333325
40125,"pottawatomie",1996,4,13794.75
40125,"pottawatomie",1996,5,13785.666666666675
40125,"pottawatomie",1996,6,13776.583333333325
40125,"pottawatomie",1996,7,13767.5
40125,"pottawatomie",1996,8,13758.416666666675
40125,"pottawatomie",1996,9,13749.333333333325
40125,"pottawatomie",1996,10,13740.25
40125,"pottawatomie",1996,11,13731.166666666675
40125,"pottawatomie",1996,12,13722.083333333325
40125,"pottawatomie",1997,1,13713
40125,"pottawatomie",1997,2,13746.833333333303
40125,"pottawatomie",1997,3,13780.666666666697
40125,"pottawatomie",1997,4,13814.5
40125,"pottawatomie",1997,5,13848.333333333303
40125,"pottawatomie",1997,6,13882.166666666697
40125,"pottawatomie",1997,7,13916
40125,"pottawatomie",1997,8,13949.833333333303
40125,"pottawatomie",1997,9,13983.666666666697
40125,"pottawatomie",1997,10,14017.5
40125,"pottawatomie",1997,11,14051.333333333303
40125,"pottawatomie",1997,12,14085.166666666697
40125,"pottawatomie",1998,1,14119
40125,"pottawatomie",1998,2,14125.16666666666
40125,"pottawatomie",1998,3,14131.33333333334
40125,"pottawatomie",1998,4,14137.5
40125,"pottawatomie",1998,5,14143.66666666666
40125,"pottawatomie",1998,6,14149.83333333334
40125,"pottawatomie",1998,7,14156
40125,"pottawatomie",1998,8,14162.16666666666
40125,"pottawatomie",1998,9,14168.33333333334
40125,"pottawatomie",1998,10,14174.5
40125,"pottawatomie",1998,11,14180.66666666666
40125,"pottawatomie",1998,12,14186.83333333334
40125,"pottawatomie",1999,1,14193
40125,"pottawatomie",1999,2,14202.49999999999
40125,"pottawatomie",1999,3,14212.00000000001
40125,"pottawatomie",1999,4,14221.5
40125,"pottawatomie",1999,5,14230.99999999999
40125,"pottawatomie",1999,6,14240.50000000001
40125,"pottawatomie",1999,7,14250
40125,"pottawatomie",1999,8,14259.49999999999
40125,"pottawatomie",1999,9,14269.00000000001
40125,"pottawatomie",1999,10,14278.5
40125,"pottawatomie",1999,11,14287.99999999999
40125,"pottawatomie",1999,12,14297.50000000001
40131,"rogers",1990,1,12420
40131,"rogers",1990,2,12436.166666666652
40131,"rogers",1990,3,12452.333333333348
40131,"rogers",1990,4,12468.5
40131,"rogers",1990,5,12484.666666666652
40131,"rogers",1990,6,12500.833333333348
40131,"rogers",1990,7,12517
40131,"rogers",1990,8,12533.166666666652
40131,"rogers",1990,9,12549.333333333348
40131,"rogers",1990,10,12565.5
40131,"rogers",1990,11,12581.666666666652
40131,"rogers",1990,12,12597.833333333348
40131,"rogers",1991,1,12614
40131,"rogers",1991,2,12619.66666666666
40131,"rogers",1991,3,12625.33333333334
40131,"rogers",1991,4,12631
40131,"rogers",1991,5,12636.66666666666
40131,"rogers",1991,6,12642.33333333334
40131,"rogers",1991,7,12648
40131,"rogers",1991,8,12653.66666666666
40131,"rogers",1991,9,12659.33333333334
40131,"rogers",1991,10,12665
40131,"rogers",1991,11,12670.66666666666
40131,"rogers",1991,12,12676.33333333334
40131,"rogers",1992,1,12682
40131,"rogers",1992,2,12703.583333333314
40131,"rogers",1992,3,12725.166666666686
40131,"rogers",1992,4,12746.75
40131,"rogers",1992,5,12768.333333333314
40131,"rogers",1992,6,12789.916666666686
40131,"rogers",1992,7,12811.5
40131,"rogers",1992,8,12833.083333333314
40131,"rogers",1992,9,12854.666666666686
40131,"rogers",1992,10,12876.25
40131,"rogers",1992,11,12897.833333333314
40131,"rogers",1992,12,12919.416666666686
40131,"rogers",1993,1,12941
40131,"rogers",1993,2,12946.749999999995
40131,"rogers",1993,3,12952.500000000005
40131,"rogers",1993,4,12958.25
40131,"rogers",1993,5,12963.999999999995
40131,"rogers",1993,6,12969.750000000005
40131,"rogers",1993,7,12975.5
40131,"rogers",1993,8,12981.249999999995
40131,"rogers",1993,9,12987.000000000005
40131,"rogers",1993,10,12992.75
40131,"rogers",1993,11,12998.499999999995
40131,"rogers",1993,12,13004.250000000005
40131,"rogers",1994,1,13010
40131,"rogers",1994,2,13024.499999999987
40131,"rogers",1994,3,13039.000000000013
40131,"rogers",1994,4,13053.5
40131,"rogers",1994,5,13067.999999999987
40131,"rogers",1994,6,13082.500000000013
40131,"rogers",1994,7,13097
40131,"rogers",1994,8,13111.499999999987
40131,"rogers",1994,9,13126.000000000013
40131,"rogers",1994,10,13140.5
40131,"rogers",1994,11,13154.999999999987
40131,"rogers",1994,12,13169.500000000013
40131,"rogers",1995,1,13184
40131,"rogers",1995,2,13205.74999999998
40131,"rogers",1995,3,13227.50000000002
40131,"rogers",1995,4,13249.25
40131,"rogers",1995,5,13270.99999999998
40131,"rogers",1995,6,13292.75000000002
40131,"rogers",1995,7,13314.5
40131,"rogers",1995,8,13336.24999999998
40131,"rogers",1995,9,13358.00000000002
40131,"rogers",1995,10,13379.75
40131,"rogers",1995,11,13401.49999999998
40131,"rogers",1995,12,13423.25000000002
40131,"rogers",1996,1,13445
40131,"rogers",1996,2,13471.749999999976
40131,"rogers",1996,3,13498.500000000024
40131,"rogers",1996,4,13525.25
40131,"rogers",1996,5,13551.999999999976
40131,"rogers",1996,6,13578.750000000024
40131,"rogers",1996,7,13605.5
40131,"rogers",1996,8,13632.249999999976
40131,"rogers",1996,9,13659.000000000024
40131,"rogers",1996,10,13685.75
40131,"rogers",1996,11,13712.499999999976
40131,"rogers",1996,12,13739.250000000024
40131,"rogers",1997,1,13766
40131,"rogers",1997,2,13795.833333333307
40131,"rogers",1997,3,13825.666666666693
40131,"rogers",1997,4,13855.5
40131,"rogers",1997,5,13885.333333333307
40131,"rogers",1997,6,13915.166666666693
40131,"rogers",1997,7,13945
40131,"rogers",1997,8,13974.833333333307
40131,"rogers",1997,9,14004.666666666693
40131,"rogers",1997,10,14034.5
40131,"rogers",1997,11,14064.333333333307
40131,"rogers",1997,12,14094.166666666693
40131,"rogers",1998,1,14124
40131,"rogers",1998,2,14154.583333333305
40131,"rogers",1998,3,14185.166666666695
40131,"rogers",1998,4,14215.75
40131,"rogers",1998,5,14246.333333333305
40131,"rogers",1998,6,14276.916666666695
40131,"rogers",1998,7,14307.5
40131,"rogers",1998,8,14338.083333333305
40131,"rogers",1998,9,14368.666666666695
40131,"rogers",1998,10,14399.25
40131,"rogers",1998,11,14429.833333333305
40131,"rogers",1998,12,14460.416666666695
40131,"rogers",1999,1,14491
40131,"rogers",1999,2,14528.5833333333
40131,"rogers",1999,3,14566.1666666667
40131,"rogers",1999,4,14603.75
40131,"rogers",1999,5,14641.3333333333
40131,"rogers",1999,6,14678.9166666667
40131,"rogers",1999,7,14716.5
40131,"rogers",1999,8,14754.0833333333
40131,"rogers",1999,9,14791.6666666667
40131,"rogers",1999,10,14829.25
40131,"rogers",1999,11,14866.8333333333
40131,"rogers",1999,12,14904.4166666667
40143,"tulsa",1990,1,121624
40143,"tulsa",1990,2,121760.16666666654
40143,"tulsa",1990,3,121896.33333333346
40143,"tulsa",1990,4,122032.5
40143,"tulsa",1990,5,122168.66666666654
40143,"tulsa",1990,6,122304.83333333346
40143,"tulsa",1990,7,122441
40143,"tulsa",1990,8,122577.16666666654
40143,"tulsa",1990,9,122713.33333333346
40143,"tulsa",1990,10,122849.5
40143,"tulsa",1990,11,122985.66666666654
40143,"tulsa",1990,12,123121.83333333346
40143,"tulsa",1991,1,123258
40143,"tulsa",1991,2,123280.16666666664
40143,"tulsa",1991,3,123302.33333333336
40143,"tulsa",1991,4,123324.5
40143,"tulsa",1991,5,123346.66666666664
40143,"tulsa",1991,6,123368.83333333336
40143,"tulsa",1991,7,123391
40143,"tulsa",1991,8,123413.16666666664
40143,"tulsa",1991,9,123435.33333333336
40143,"tulsa",1991,10,123457.5
40143,"tulsa",1991,11,123479.66666666664
40143,"tulsa",1991,12,123501.83333333336
40143,"tulsa",1992,1,123524
40143,"tulsa",1992,2,123517.66666666667
40143,"tulsa",1992,3,123511.33333333333
40143,"tulsa",1992,4,123505
40143,"tulsa",1992,5,123498.66666666667
40143,"tulsa",1992,6,123492.33333333333
40143,"tulsa",1992,7,123486
40143,"tulsa",1992,8,123479.66666666667
40143,"tulsa",1992,9,123473.33333333333
40143,"tulsa",1992,10,123467
40143,"tulsa",1992,11,123460.66666666667
40143,"tulsa",1992,12,123454.33333333333
40143,"tulsa",1993,1,123448
40143,"tulsa",1993,2,123407.75000000004
40143,"tulsa",1993,3,123367.49999999996
40143,"tulsa",1993,4,123327.25
40143,"tulsa",1993,5,123287.00000000004
40143,"tulsa",1993,6,123246.74999999996
40143,"tulsa",1993,7,123206.5
40143,"tulsa",1993,8,123166.25000000004
40143,"tulsa",1993,9,123125.99999999996
40143,"tulsa",1993,10,123085.75
40143,"tulsa",1993,11,123045.50000000004
40143,"tulsa",1993,12,123005.24999999996
40143,"tulsa",1994,1,122965
40143,"tulsa",1994,2,122917.50000000004
40143,"tulsa",1994,3,122869.99999999996
40143,"tulsa",1994,4,122822.5
40143,"tulsa",1994,5,122775.00000000004
40143,"tulsa",1994,6,122727.49999999996
40143,"tulsa",1994,7,122680
40143,"tulsa",1994,8,122632.50000000004
40143,"tulsa",1994,9,122584.99999999996
40143,"tulsa",1994,10,122537.5
40143,"tulsa",1994,11,122490.00000000004
40143,"tulsa",1994,12,122442.49999999996
40143,"tulsa",1995,1,122395
40143,"tulsa",1995,2,122467.6666666666
40143,"tulsa",1995,3,122540.3333333334
40143,"tulsa",1995,4,122613
40143,"tulsa",1995,5,122685.6666666666
40143,"tulsa",1995,6,122758.3333333334
40143,"tulsa",1995,7,122831
40143,"tulsa",1995,8,122903.6666666666
40143,"tulsa",1995,9,122976.3333333334
40143,"tulsa",1995,10,123049
40143,"tulsa",1995,11,123121.6666666666
40143,"tulsa",1995,12,123194.3333333334
40143,"tulsa",1996,1,123267
40143,"tulsa",1996,2,123352.83333333326
40143,"tulsa",1996,3,123438.66666666674
40143,"tulsa",1996,4,123524.5
40143,"tulsa",1996,5,123610.33333333326
40143,"tulsa",1996,6,123696.16666666674
40143,"tulsa",1996,7,123782
40143,"tulsa",1996,8,123867.83333333326
40143,"tulsa",1996,9,123953.66666666674
40143,"tulsa",1996,10,124039.5
40143,"tulsa",1996,11,124125.33333333326
40143,"tulsa",1996,12,124211.16666666674
40143,"tulsa",1997,1,124297
40143,"tulsa",1997,2,124376.08333333326
40143,"tulsa",1997,3,124455.16666666674
40143,"tulsa",1997,4,124534.25
40143,"tulsa",1997,5,124613.33333333326
40143,"tulsa",1997,6,124692.41666666674
40143,"tulsa",1997,7,124771.5
40143,"tulsa",1997,8,124850.58333333326
40143,"tulsa",1997,9,124929.66666666674
40143,"tulsa",1997,10,125008.75
40143,"tulsa",1997,11,125087.83333333326
40143,"tulsa",1997,12,125166.91666666674
40143,"tulsa",1998,1,125246
40143,"tulsa",1998,2,125314.24999999994
40143,"tulsa",1998,3,125382.50000000006
40143,"tulsa",1998,4,125450.75
40143,"tulsa",1998,5,125518.99999999994
40143,"tulsa",1998,6,125587.25000000006
40143,"tulsa",1998,7,125655.5
40143,"tulsa",1998,8,125723.74999999994
40143,"tulsa",1998,9,125792.00000000006
40143,"tulsa",1998,10,125860.25
40143,"tulsa",1998,11,125928.49999999994
40143,"tulsa",1998,12,125996.75000000006
40143,"tulsa",1999,1,126065
40143,"tulsa",1999,2,126012.33333333339
40143,"tulsa",1999,3,125959.66666666661
40143,"tulsa",1999,4,125907
40143,"tulsa",1999,5,125854.33333333339
40143,"tulsa",1999,6,125801.66666666661
40143,"tulsa",1999,7,125749
40143,"tulsa",1999,8,125696.33333333339
40143,"tulsa",1999,9,125643.66666666661
40143,"tulsa",1999,10,125591
40143,"tulsa",1999,11,125538.33333333339
40143,"tulsa",1999,12,125485.66666666661
40145,"wagoner",1990,1,11095
40145,"wagoner",1990,2,11100.999999999995
40145,"wagoner",1990,3,11107.000000000005
40145,"wagoner",1990,4,11113
40145,"wagoner",1990,5,11118.999999999995
40145,"wagoner",1990,6,11125.000000000005
40145,"wagoner",1990,7,11131
40145,"wagoner",1990,8,11136.999999999995
40145,"wagoner",1990,9,11143.000000000005
40145,"wagoner",1990,10,11149
40145,"wagoner",1990,11,11154.999999999995
40145,"wagoner",1990,12,11161.000000000005
40145,"wagoner",1991,1,11167
40145,"wagoner",1991,2,11166.166666666668
40145,"wagoner",1991,3,11165.333333333332
40145,"wagoner",1991,4,11164.5
40145,"wagoner",1991,5,11163.666666666668
40145,"wagoner",1991,6,11162.833333333332
40145,"wagoner",1991,7,11162
40145,"wagoner",1991,8,11161.166666666668
40145,"wagoner",1991,9,11160.333333333332
40145,"wagoner",1991,10,11159.5
40145,"wagoner",1991,11,11158.666666666668
40145,"wagoner",1991,12,11157.833333333332
40145,"wagoner",1992,1,11157
40145,"wagoner",1992,2,11171.999999999985
40145,"wagoner",1992,3,11187.000000000015
40145,"wagoner",1992,4,11202
40145,"wagoner",1992,5,11216.999999999985
40145,"wagoner",1992,6,11232.000000000015
40145,"wagoner",1992,7,11247
40145,"wagoner",1992,8,11261.999999999985
40145,"wagoner",1992,9,11277.000000000015
40145,"wagoner",1992,10,11292
40145,"wagoner",1992,11,11306.999999999985
40145,"wagoner",1992,12,11322.000000000015
40145,"wagoner",1993,1,11337
40145,"wagoner",1993,2,11344.66666666666
40145,"wagoner",1993,3,11352.33333333334
40145,"wagoner",1993,4,11360
40145,"wagoner",1993,5,11367.66666666666
40145,"wagoner",1993,6,11375.33333333334
40145,"wagoner",1993,7,11383
40145,"wagoner",1993,8,11390.66666666666
40145,"wagoner",1993,9,11398.33333333334
40145,"wagoner",1993,10,11406
40145,"wagoner",1993,11,11413.66666666666
40145,"wagoner",1993,12,11421.33333333334
40145,"wagoner",1994,1,11429
40145,"wagoner",1994,2,11437.416666666659
40145,"wagoner",1994,3,11445.833333333341
40145,"wagoner",1994,4,11454.25
40145,"wagoner",1994,5,11462.666666666659
40145,"wagoner",1994,6,11471.083333333341
40145,"wagoner",1994,7,11479.5
40145,"wagoner",1994,8,11487.916666666659
40145,"wagoner",1994,9,11496.333333333341
40145,"wagoner",1994,10,11504.75
40145,"wagoner",1994,11,11513.166666666659
40145,"wagoner",1994,12,11521.583333333341
40145,"wagoner",1995,1,11530
40145,"wagoner",1995,2,11547.749999999984
40145,"wagoner",1995,3,11565.500000000016
40145,"wagoner",1995,4,11583.25
40145,"wagoner",1995,5,11600.999999999984
40145,"wagoner",1995,6,11618.750000000016
40145,"wagoner",1995,7,11636.5
40145,"wagoner",1995,8,11654.249999999984
40145,"wagoner",1995,9,11672.000000000016
40145,"wagoner",1995,10,11689.75
40145,"wagoner",1995,11,11707.499999999984
40145,"wagoner",1995,12,11725.250000000016
40145,"wagoner",1996,1,11743
40145,"wagoner",1996,2,11751.999999999993
40145,"wagoner",1996,3,11761.000000000007
40145,"wagoner",1996,4,11770
40145,"wagoner",1996,5,11778.999999999993
40145,"wagoner",1996,6,11788.000000000007
40145,"wagoner",1996,7,11797
40145,"wagoner",1996,8,11805.999999999993
40145,"wagoner",1996,9,11815.000000000007
40145,"wagoner",1996,10,11824
40145,"wagoner",1996,11,11832.999999999993
40145,"wagoner",1996,12,11842.000000000007
40145,"wagoner",1997,1,11851
40145,"wagoner",1997,2,11861.916666666657
40145,"wagoner",1997,3,11872.833333333343
40145,"wagoner",1997,4,11883.75
40145,"wagoner",1997,5,11894.666666666657
40145,"wagoner",1997,6,11905.583333333343
40145,"wagoner",1997,7,11916.5
40145,"wagoner",1997,8,11927.416666666657
40145,"wagoner",1997,9,11938.333333333343
40145,"wagoner",1997,10,11949.25
40145,"wagoner",1997,11,11960.166666666657
40145,"wagoner",1997,12,11971.083333333343
40145,"wagoner",1998,1,11982
40145,"wagoner",1998,2,11987.999999999995
40145,"wagoner",1998,3,11994.000000000005
40145,"wagoner",1998,4,12000
40145,"wagoner",1998,5,12005.999999999995
40145,"wagoner",1998,6,12012.000000000005
40145,"wagoner",1998,7,12018
40145,"wagoner",1998,8,12023.999999999995
40145,"wagoner",1998,9,12030.000000000005
40145,"wagoner",1998,10,12036
40145,"wagoner",1998,11,12041.999999999995
40145,"wagoner",1998,12,12048.000000000005
40145,"wagoner",1999,1,12054
40145,"wagoner",1999,2,12056.749999999998
40145,"wagoner",1999,3,12059.500000000002
40145,"wagoner",1999,4,12062.25
40145,"wagoner",1999,5,12064.999999999998
40145,"wagoner",1999,6,12067.750000000002
40145,"wagoner",1999,7,12070.5
40145,"wagoner",1999,8,12073.249999999998
40145,"wagoner",1999,9,12076.000000000002
40145,"wagoner",1999,10,12078.75
40145,"wagoner",1999,11,12081.499999999998
40145,"wagoner",1999,12,12084.250000000002
