fips,county_name,year,month,fecund_population,birth_count,date,days_in_month,days_in_year,stage_id,birth_rate_monthly,birth_rate
40017,canadian,1990,1,17609,80,1990-01-15,31,365,1,4.54,53.49
40017,canadian,1990,2,17623,89,1990-02-15,28,365,1,5.05,65.89
40017,canadian,1990,3,17637,89,1990-03-15,31,365,1,5.05,59.51
40017,canadian,1990,4,17652,87,1990-04-15,30,365,1,4.94,60.11
40017,canadian,1990,5,17666,86,1990-05-15,31,365,1,4.88,57.5
40017,canadian,1990,6,17681,95,1990-06-15,30,365,1,5.39,65.64
40017,canadian,1990,7,17695,98,1990-07-15,31,365,1,5.57,65.53
40017,canadian,1990,8,17709,95,1990-08-15,31,365,1,5.39,63.52
40017,canadian,1990,9,17724,88,1990-09-15,30,365,1,5,60.8
40017,canadian,1990,10,17738,100,1990-10-15,31,365,1,5.68,66.86
40017,canadian,1990,11,17753,89,1990-11-15,30,365,1,5.05,61.49
40017,canadian,1990,12,17767,87,1990-12-15,31,365,1,4.94,58.17
40017,canadian,1991,1,17782,78,1991-01-15,31,365,1,4.43,52.15
40017,canadian,1991,2,17783,71,1991-02-15,28,365,1,4.03,52.56
40017,canadian,1991,3,17785,85,1991-03-15,31,365,1,4.83,56.83
40017,canadian,1991,4,17787,96,1991-04-15,30,365,1,5.45,66.33
40017,canadian,1991,5,17789,85,1991-05-15,31,365,1,4.83,56.83
40017,canadian,1991,6,17791,84,1991-06-15,30,365,1,4.77,58.04
40017,canadian,1991,7,17793,88,1991-07-15,31,365,1,5,58.84
40017,canadian,1991,8,17794,85,1991-08-15,31,365,1,4.83,56.83
40017,canadian,1991,9,17796,88,1991-09-15,30,365,1,5,60.8
40017,canadian,1991,10,17798,96,1991-10-15,31,365,1,5.45,64.19
40017,canadian,1991,11,17800,71,1991-11-15,30,365,1,4.03,49.06
40017,canadian,1991,12,17802,93,1991-12-15,31,365,1,5.28,62.18
40017,canadian,1992,1,17804,75,1992-01-15,31,366,1,4.26,50.29
40017,canadian,1992,2,17820,70,1992-02-15,29,366,1,3.98,50.17
40017,canadian,1992,3,17836,77,1992-03-15,31,366,1,4.37,51.63
40017,canadian,1992,4,17853,66,1992-04-15,30,366,1,3.75,45.73
40017,canadian,1992,5,17869,83,1992-05-15,31,366,1,4.71,55.65
40017,canadian,1992,6,17885,77,1992-06-15,30,366,1,4.37,53.35
40017,canadian,1992,7,17902,98,1992-07-15,31,366,1,5.57,65.71
40017,canadian,1992,8,17918,71,1992-08-15,31,366,1,4.03,47.6
40017,canadian,1992,9,17934,93,1992-09-15,30,366,1,5.28,64.43
40017,canadian,1992,10,17951,80,1992-10-15,31,366,1,4.54,53.64
40017,canadian,1992,11,17967,66,1992-11-15,30,366,1,3.75,45.73
40017,canadian,1992,12,17983,86,1992-12-15,31,366,1,4.88,57.66
40017,canadian,1993,1,18000,82,1993-01-15,31,365,1,4.66,54.83
40017,canadian,1993,2,18012,68,1993-02-15,28,365,1,3.86,50.34
40017,canadian,1993,3,18024,79,1993-03-15,31,365,1,4.49,52.82
40017,canadian,1993,4,18037,76,1993-04-15,30,365,1,4.32,52.51
40017,canadian,1993,5,18049,96,1993-05-15,31,365,1,5.45,64.19
40017,canadian,1993,6,18062,96,1993-06-15,30,365,1,5.45,66.33
40017,canadian,1993,7,18074,79,1993-07-15,31,365,1,4.49,52.82
40017,canadian,1993,8,18086,78,1993-08-15,31,365,1,4.43,52.15
40017,canadian,1993,9,18099,91,1993-09-15,30,365,1,5.17,62.88
40017,canadian,1993,10,18111,71,1993-10-15,31,365,1,4.03,47.47
40017,canadian,1993,11,18124,78,1993-11-15,30,365,1,4.43,53.89
40017,canadian,1993,12,18136,88,1993-12-15,31,365,1,5,58.84
40017,canadian,1994,1,18149,86,1994-01-15,31,365,1,4.88,57.5
40017,canadian,1994,2,18163,84,1994-02-15,28,365,1,4.77,62.18
40017,canadian,1994,3,18177,84,1994-03-15,31,365,1,4.77,56.17
40017,canadian,1994,4,18192,68,1994-04-15,30,365,1,3.86,46.98
40017,canadian,1994,5,18206,83,1994-05-15,31,365,1,4.71,55.5
40017,canadian,1994,6,18220,102,1994-06-15,30,365,1,5.79,70.48
40017,canadian,1994,7,18235,83,1994-07-15,31,365,1,4.71,55.5
40017,canadian,1994,8,18249,94,1994-08-15,31,365,1,5.34,62.85
40017,canadian,1994,9,18263,103,1994-09-15,30,365,1,5.85,71.17
40017,canadian,1994,10,18278,83,1994-10-15,31,365,1,4.71,55.5
40017,canadian,1994,11,18292,85,1994-11-15,30,365,1,4.83,58.73
40017,canadian,1994,12,18306,93,1994-12-15,31,365,1,5.28,62.18
40017,canadian,1995,1,18321,68,1995-01-15,31,365,1,3.86,45.47
40017,canadian,1995,2,18344,58,1995-02-15,28,365,1,3.29,42.94
40017,canadian,1995,3,18368,78,1995-03-15,31,365,1,4.43,52.15
40017,canadian,1995,4,18392,86,1995-04-15,30,365,1,4.88,59.42
40017,canadian,1995,5,18416,86,1995-05-15,31,365,1,4.88,57.5
40017,canadian,1995,6,18440,81,1995-06-15,30,365,1,4.6,55.97
40017,canadian,1995,7,18464,90,1995-07-15,31,365,1,5.11,60.18
40017,canadian,1995,8,18488,87,1995-08-15,31,365,1,4.94,58.17
40017,canadian,1995,9,18512,96,1995-09-15,30,365,1,5.45,66.33
40017,canadian,1995,10,18536,94,1995-10-15,31,365,1,5.34,62.85
40017,canadian,1995,11,18560,76,1995-11-15,30,365,1,4.32,52.51
40017,canadian,1995,12,18584,91,1995-12-15,31,365,1,5.17,60.85
40017,canadian,1996,1,18608,76,1996-01-15,31,366,1,4.32,50.96
40017,canadian,1996,2,18619,63,1996-02-15,29,366,2,3.58,45.15
40017,canadian,1996,3,18631,83,1996-03-15,31,366,2,4.71,55.65
40017,canadian,1996,4,18642,79,1996-04-15,30,366,2,4.49,54.73
40017,canadian,1996,5,18654,92,1996-05-15,31,366,2,5.22,61.68
40017,canadian,1996,6,18665,81,1996-06-15,30,366,2,4.6,56.12
40017,canadian,1996,7,18677,81,1996-07-15,31,366,2,4.6,54.31
40017,canadian,1996,8,18689,82,1996-08-15,31,366,2,4.66,54.98
40017,canadian,1996,9,18700,76,1996-09-15,30,366,2,4.32,52.65
40017,canadian,1996,10,18712,89,1996-10-15,31,366,2,5.05,59.67
40017,canadian,1996,11,18723,64,1996-11-15,30,366,2,3.63,44.34
40017,canadian,1996,12,18735,86,1996-12-15,31,366,2,4.88,57.66
40017,canadian,1997,1,18747,75,1997-01-15,31,365,2,4.26,50.15
40017,canadian,1997,2,18751,84,1997-02-15,28,365,2,4.77,62.18
40017,canadian,1997,3,18755,86,1997-03-15,31,365,2,4.88,57.5
40017,canadian,1997,4,18759,70,1997-04-15,30,365,2,3.98,48.37
40017,canadian,1997,5,18763,83,1997-05-15,31,365,2,4.71,55.5
40017,canadian,1997,6,18767,92,1997-06-15,30,365,2,5.22,63.57
40017,canadian,1997,7,18771,110,1997-07-15,31,365,2,6.25,73.55
40017,canadian,1997,8,18775,110,1997-08-15,31,365,2,6.25,73.55
40017,canadian,1997,9,18779,101,1997-09-15,30,365,2,5.74,69.78
40017,canadian,1997,10,18783,87,1997-10-15,31,365,2,4.94,58.17
40017,canadian,1997,11,18787,84,1997-11-15,30,365,2,4.77,58.04
40017,canadian,1997,12,18791,86,1997-12-15,31,365,2,4.88,57.5
40017,canadian,1998,1,18796,77,1998-01-15,31,365,2,4.37,51.49
40017,canadian,1998,2,18799,70,1998-02-15,28,365,2,3.98,51.82
40017,canadian,1998,3,18804,92,1998-03-15,31,365,2,5.22,61.52
40017,canadian,1998,4,18808,103,1998-04-15,30,365,2,5.85,71.17
40017,canadian,1998,5,18811,96,1998-05-15,31,365,2,5.45,64.19
40017,canadian,1998,6,18816,88,1998-06-15,30,365,2,5,60.8
40017,canadian,1998,7,18820,99,1998-07-15,31,365,2,5.62,66.2
40017,canadian,1998,8,18823,103,1998-08-15,31,365,2,5.85,68.87
40017,canadian,1998,9,18828,97,1998-09-15,30,365,2,5.51,67.02
40017,canadian,1998,10,18832,72,1998-10-15,31,365,2,4.09,48.14
40017,canadian,1998,11,18835,75,1998-11-15,30,365,2,4.26,51.82
40017,canadian,1998,12,18840,87,1998-12-15,31,365,2,4.94,58.17
40017,canadian,1999,1,18844,81,1999-01-15,31,365,2,4.6,54.16
40017,canadian,1999,2,18862,83,1999-02-15,28,365,2,4.71,61.44
40017,canadian,1999,3,18880,80,1999-03-15,31,365,2,4.54,53.49
40017,canadian,1999,4,18898,75,1999-04-15,30,365,2,4.26,51.82
40017,canadian,1999,5,18916,93,1999-05-15,31,365,2,5.28,62.18
40017,canadian,1999,6,18934,80,1999-06-15,30,365,2,4.54,55.27
40017,canadian,1999,7,18953,95,1999-07-15,31,365,2,5.39,63.52
40017,canadian,1999,8,18971,94,1999-08-15,31,365,2,5.34,62.85
40017,canadian,1999,9,18989,94,1999-09-15,30,365,2,5.34,64.95
40017,canadian,1999,10,19007,85,1999-10-15,31,365,2,4.83,56.83
40017,canadian,1999,11,19025,82,1999-11-15,30,365,2,4.66,56.66
40017,canadian,1999,12,19043,104,1999-12-15,31,365,2,5.91,69.54
40027,cleveland,1990,1,46429,163,1990-01-15,31,365,1,3.51,41.34
40027,cleveland,1990,2,46477,166,1990-02-15,28,365,1,3.58,46.61
40027,cleveland,1990,3,46525,196,1990-03-15,31,365,1,4.22,49.7
40027,cleveland,1990,4,46574,170,1990-04-15,30,365,1,3.66,44.55
40027,cleveland,1990,5,46622,169,1990-05-15,31,365,1,3.64,42.86
40027,cleveland,1990,6,46671,173,1990-06-15,30,365,1,3.73,45.33
40027,cleveland,1990,7,46719,215,1990-07-15,31,365,1,4.63,54.52
40027,cleveland,1990,8,46767,203,1990-08-15,31,365,1,4.37,51.48
40027,cleveland,1990,9,46816,170,1990-09-15,30,365,1,3.66,44.55
40027,cleveland,1990,10,46864,187,1990-10-15,31,365,1,4.03,47.42
40027,cleveland,1990,11,46913,204,1990-11-15,30,365,1,4.39,53.46
40027,cleveland,1990,12,46961,163,1990-12-15,31,365,1,3.51,41.34
40027,cleveland,1991,1,47010,183,1991-01-15,31,365,1,3.94,46.41
40027,cleveland,1991,2,47034,165,1991-02-15,28,365,1,3.55,46.33
40027,cleveland,1991,3,47058,174,1991-03-15,31,365,1,3.75,44.13
40027,cleveland,1991,4,47083,201,1991-04-15,30,365,1,4.33,52.67
40027,cleveland,1991,5,47107,199,1991-05-15,31,365,1,4.29,50.47
40027,cleveland,1991,6,47131,184,1991-06-15,30,365,1,3.96,48.22
40027,cleveland,1991,7,47156,233,1991-07-15,31,365,1,5.02,59.09
40027,cleveland,1991,8,47180,190,1991-08-15,31,365,1,4.09,48.18
40027,cleveland,1991,9,47204,230,1991-09-15,30,365,1,4.95,60.27
40027,cleveland,1991,10,47229,188,1991-10-15,31,365,1,4.05,47.68
40027,cleveland,1991,11,47253,170,1991-11-15,30,365,1,3.66,44.55
40027,cleveland,1991,12,47277,217,1991-12-15,31,365,1,4.67,55.03
40027,cleveland,1992,1,47302,210,1992-01-15,31,366,1,4.52,53.4
40027,cleveland,1992,2,47349,181,1992-02-15,29,366,1,3.9,49.2
40027,cleveland,1992,3,47397,177,1992-03-15,31,366,1,3.81,45.01
40027,cleveland,1992,4,47444,194,1992-04-15,30,366,1,4.18,50.98
40027,cleveland,1992,5,47492,179,1992-05-15,31,366,1,3.86,45.52
40027,cleveland,1992,6,47539,202,1992-06-15,30,366,1,4.35,53.08
40027,cleveland,1992,7,47587,194,1992-07-15,31,366,1,4.18,49.33
40027,cleveland,1992,8,47635,205,1992-08-15,31,366,1,4.42,52.13
40027,cleveland,1992,9,47682,195,1992-09-15,30,366,1,4.2,51.24
40027,cleveland,1992,10,47730,173,1992-10-15,31,366,1,3.73,43.99
40027,cleveland,1992,11,47777,164,1992-11-15,30,366,1,3.53,43.09
40027,cleveland,1992,12,47825,182,1992-12-15,31,366,1,3.92,46.28
40027,cleveland,1993,1,47873,173,1993-01-15,31,365,1,3.73,43.87
40027,cleveland,1993,2,47927,154,1993-02-15,28,365,1,3.32,43.24
40027,cleveland,1993,3,47981,201,1993-03-15,31,365,1,4.33,50.97
40027,cleveland,1993,4,48035,163,1993-04-15,30,365,1,3.51,42.71
40027,cleveland,1993,5,48089,169,1993-05-15,31,365,1,3.64,42.86
40027,cleveland,1993,6,48144,189,1993-06-15,30,365,1,4.07,49.53
40027,cleveland,1993,7,48198,210,1993-07-15,31,365,1,4.52,53.26
40027,cleveland,1993,8,48252,180,1993-08-15,31,365,1,3.88,45.65
40027,cleveland,1993,9,48307,169,1993-09-15,30,365,1,3.64,44.29
40027,cleveland,1993,10,48361,187,1993-10-15,31,365,1,4.03,47.42
40027,cleveland,1993,11,48415,177,1993-11-15,30,365,1,3.81,46.38
40027,cleveland,1993,12,48469,179,1993-12-15,31,365,1,3.86,45.39
40027,cleveland,1994,1,48524,181,1994-01-15,31,365,1,3.9,45.9
40027,cleveland,1994,2,48555,150,1994-02-15,28,365,1,3.23,42.11
40027,cleveland,1994,3,48586,165,1994-03-15,31,365,1,3.55,41.84
40027,cleveland,1994,4,48617,186,1994-04-15,30,365,1,4.01,48.74
40027,cleveland,1994,5,48648,167,1994-05-15,31,365,1,3.6,42.35
40027,cleveland,1994,6,48679,198,1994-06-15,30,365,1,4.26,51.89
40027,cleveland,1994,7,48710,199,1994-07-15,31,365,1,4.29,50.47
40027,cleveland,1994,8,48741,179,1994-08-15,31,365,1,3.86,45.39
40027,cleveland,1994,9,48772,174,1994-09-15,30,365,1,3.75,45.6
40027,cleveland,1994,10,48803,198,1994-10-15,31,365,1,4.26,50.21
40027,cleveland,1994,11,48834,179,1994-11-15,30,365,1,3.86,46.91
40027,cleveland,1994,12,48865,197,1994-12-15,31,365,1,4.24,49.96
40027,cleveland,1995,1,48897,193,1995-01-15,31,365,1,4.16,48.94
40027,cleveland,1995,2,48927,155,1995-02-15,28,365,1,3.34,43.52
40027,cleveland,1995,3,48958,175,1995-03-15,31,365,1,3.77,44.38
40027,cleveland,1995,4,48989,185,1995-04-15,30,365,1,3.98,48.48
40027,cleveland,1995,5,49019,188,1995-05-15,31,365,1,4.05,47.68
40027,cleveland,1995,6,49050,217,1995-06-15,30,365,1,4.67,56.86
40027,cleveland,1995,7,49081,206,1995-07-15,31,365,1,4.44,52.24
40027,cleveland,1995,8,49111,200,1995-08-15,31,365,1,4.31,50.72
40027,cleveland,1995,9,49142,188,1995-09-15,30,365,1,4.05,49.27
40027,cleveland,1995,10,49173,205,1995-10-15,31,365,1,4.42,51.99
40027,cleveland,1995,11,49203,181,1995-11-15,30,365,1,3.9,47.43
40027,cleveland,1995,12,49234,159,1995-12-15,31,365,1,3.42,40.32
40027,cleveland,1996,1,49265,182,1996-01-15,31,366,1,3.92,46.28
40027,cleveland,1996,2,49343,157,1996-02-15,29,366,2,3.38,42.68
40027,cleveland,1996,3,49422,185,1996-03-15,31,366,2,3.98,47.04
40027,cleveland,1996,4,49501,196,1996-04-15,30,366,2,4.22,51.5
40027,cleveland,1996,5,49579,173,1996-05-15,31,366,2,3.73,43.99
40027,cleveland,1996,6,49658,190,1996-06-15,30,366,2,4.09,49.93
40027,cleveland,1996,7,49737,222,1996-07-15,31,366,2,4.78,56.45
40027,cleveland,1996,8,49816,219,1996-08-15,31,366,2,4.72,55.69
40027,cleveland,1996,9,49895,185,1996-09-15,30,366,2,3.98,48.61
40027,cleveland,1996,10,49973,198,1996-10-15,31,366,2,4.26,50.35
40027,cleveland,1996,11,50052,179,1996-11-15,30,366,2,3.86,47.04
40027,cleveland,1996,12,50131,188,1996-12-15,31,366,2,4.05,47.81
40027,cleveland,1997,1,50210,187,1997-01-15,31,365,2,4.03,47.42
40027,cleveland,1997,2,50234,171,1997-02-15,28,365,2,3.68,48.01
40027,cleveland,1997,3,50259,175,1997-03-15,31,365,2,3.77,44.38
40027,cleveland,1997,4,50284,219,1997-04-15,30,365,2,4.72,57.39
40027,cleveland,1997,5,50308,184,1997-05-15,31,365,2,3.96,46.66
40027,cleveland,1997,6,50333,218,1997-06-15,30,365,2,4.7,57.13
40027,cleveland,1997,7,50358,219,1997-07-15,31,365,2,4.72,55.54
40027,cleveland,1997,8,50382,210,1997-08-15,31,365,2,4.52,53.26
40027,cleveland,1997,9,50407,199,1997-09-15,30,365,2,4.29,52.15
40027,cleveland,1997,10,50432,185,1997-10-15,31,365,2,3.98,46.92
40027,cleveland,1997,11,50456,187,1997-11-15,30,365,2,4.03,49
40027,cleveland,1997,12,50481,214,1997-12-15,31,365,2,4.61,54.27
40027,cleveland,1998,1,50506,196,1998-01-15,31,365,2,4.22,49.7
40027,cleveland,1998,2,50525,195,1998-02-15,28,365,2,4.2,54.75
40027,cleveland,1998,3,50544,198,1998-03-15,31,365,2,4.26,50.21
40027,cleveland,1998,4,50563,212,1998-04-15,30,365,2,4.57,55.55
40027,cleveland,1998,5,50582,199,1998-05-15,31,365,2,4.29,50.47
40027,cleveland,1998,6,50601,188,1998-06-15,30,365,2,4.05,49.27
40027,cleveland,1998,7,50621,233,1998-07-15,31,365,2,5.02,59.09
40027,cleveland,1998,8,50640,201,1998-08-15,31,365,2,4.33,50.97
40027,cleveland,1998,9,50659,237,1998-09-15,30,365,2,5.1,62.11
40027,cleveland,1998,10,50678,203,1998-10-15,31,365,2,4.37,51.48
40027,cleveland,1998,11,50697,182,1998-11-15,30,365,2,3.92,47.69
40027,cleveland,1998,12,50716,209,1998-12-15,31,365,2,4.5,53
40027,cleveland,1999,1,50736,196,1999-01-15,31,365,2,4.22,49.7
40027,cleveland,1999,2,50722,151,1999-02-15,28,365,2,3.25,42.4
40027,cleveland,1999,3,50709,211,1999-03-15,31,365,2,4.54,53.51
40027,cleveland,1999,4,50696,190,1999-04-15,30,365,2,4.09,49.79
40027,cleveland,1999,5,50682,213,1999-05-15,31,365,2,4.59,54.02
40027,cleveland,1999,6,50669,190,1999-06-15,30,365,2,4.09,49.79
40027,cleveland,1999,7,50656,207,1999-07-15,31,365,2,4.46,52.49
40027,cleveland,1999,8,50642,181,1999-08-15,31,365,2,3.9,45.9
40027,cleveland,1999,9,50629,216,1999-09-15,30,365,2,4.65,56.6
40027,cleveland,1999,10,50616,198,1999-10-15,31,365,2,4.26,50.21
40027,cleveland,1999,11,50602,198,1999-11-15,30,365,2,4.26,51.89
40027,cleveland,1999,12,50589,193,1999-12-15,31,365,2,4.16,48.94
40031,comanche,1990,1,25634,165,1990-01-15,31,365,1,6.44,75.79
40031,comanche,1990,2,25627,153,1990-02-15,28,365,1,5.97,77.81
40031,comanche,1990,3,25621,198,1990-03-15,31,365,1,7.72,90.95
40031,comanche,1990,4,25615,178,1990-04-15,30,365,1,6.94,84.48
40031,comanche,1990,5,25609,191,1990-05-15,31,365,1,7.45,87.73
40031,comanche,1990,6,25603,184,1990-06-15,30,365,1,7.18,87.33
40031,comanche,1990,7,25597,192,1990-07-15,31,365,1,7.49,88.19
40031,comanche,1990,8,25590,203,1990-08-15,31,365,1,7.92,93.24
40031,comanche,1990,9,25584,182,1990-09-15,30,365,1,7.1,86.38
40031,comanche,1990,10,25578,174,1990-10-15,31,365,1,6.79,79.92
40031,comanche,1990,11,25572,172,1990-11-15,30,365,1,6.71,81.64
40031,comanche,1990,12,25566,142,1990-12-15,31,365,1,5.54,65.22
40031,comanche,1991,1,25560,141,1991-01-15,31,365,1,5.5,64.76
40031,comanche,1991,2,25725,159,1991-02-15,28,365,1,6.2,80.86
40031,comanche,1991,3,25890,164,1991-03-15,31,365,1,6.4,75.33
40031,comanche,1991,4,26056,158,1991-04-15,30,365,1,6.16,74.99
40031,comanche,1991,5,26221,214,1991-05-15,31,365,1,8.35,98.29
40031,comanche,1991,6,26386,162,1991-06-15,30,365,1,6.32,76.89
40031,comanche,1991,7,26552,153,1991-07-15,31,365,1,5.97,70.28
40031,comanche,1991,8,26717,165,1991-08-15,31,365,1,6.44,75.79
40031,comanche,1991,9,26882,164,1991-09-15,30,365,1,6.4,77.84
40031,comanche,1991,10,27048,152,1991-10-15,31,365,1,5.93,69.82
40031,comanche,1991,11,27213,136,1991-11-15,30,365,1,5.31,64.55
40031,comanche,1991,12,27378,167,1991-12-15,31,365,1,6.51,76.71
40031,comanche,1992,1,27544,233,1992-01-15,31,366,1,9.09,107.31
40031,comanche,1992,2,27503,237,1992-02-15,29,366,1,9.25,116.69
40031,comanche,1992,3,27461,190,1992-03-15,31,366,1,7.41,87.51
40031,comanche,1992,4,27421,192,1992-04-15,30,366,1,7.49,91.38
40031,comanche,1992,5,27380,184,1992-05-15,31,366,1,7.18,84.75
40031,comanche,1992,6,27338,193,1992-06-15,30,366,1,7.53,91.85
40031,comanche,1992,7,27298,177,1992-07-15,31,366,1,6.9,81.52
40031,comanche,1992,8,27257,241,1992-08-15,31,366,1,9.4,111
40031,comanche,1992,9,27215,221,1992-09-15,30,366,1,8.62,105.18
40031,comanche,1992,10,27175,203,1992-10-15,31,366,1,7.92,93.5
40031,comanche,1992,11,27134,209,1992-11-15,30,366,1,8.15,99.47
40031,comanche,1992,12,27092,199,1992-12-15,31,366,1,7.76,91.65
40031,comanche,1993,1,27052,195,1993-01-15,31,365,1,7.61,89.57
40031,comanche,1993,2,27042,175,1993-02-15,28,365,1,6.83,88.99
40031,comanche,1993,3,27032,197,1993-03-15,31,365,1,7.69,90.49
40031,comanche,1993,4,27022,187,1993-04-15,30,365,1,7.29,88.76
40031,comanche,1993,5,27012,177,1993-05-15,31,365,1,6.9,81.3
40031,comanche,1993,6,27002,176,1993-06-15,30,365,1,6.87,83.53
40031,comanche,1993,7,26992,180,1993-07-15,31,365,1,7.02,82.68
40031,comanche,1993,8,26982,205,1993-08-15,31,365,1,8,94.16
40031,comanche,1993,9,26972,199,1993-09-15,30,365,1,7.76,94.45
40031,comanche,1993,10,26962,191,1993-10-15,31,365,1,7.45,87.73
40031,comanche,1993,11,26952,163,1993-11-15,30,365,1,6.36,77.36
40031,comanche,1993,12,26942,163,1993-12-15,31,365,1,6.36,74.87
40031,comanche,1994,1,26933,192,1994-01-15,31,365,1,7.49,88.19
40031,comanche,1994,2,26885,166,1994-02-15,28,365,1,6.48,84.42
40031,comanche,1994,3,26837,180,1994-03-15,31,365,1,7.02,82.68
40031,comanche,1994,4,26790,155,1994-04-15,30,365,1,6.05,73.57
40031,comanche,1994,5,26742,154,1994-05-15,31,365,1,6.01,70.74
40031,comanche,1994,6,26695,186,1994-06-15,30,365,1,7.26,88.28
40031,comanche,1994,7,26647,164,1994-07-15,31,365,1,6.4,75.33
40031,comanche,1994,8,26599,214,1994-08-15,31,365,1,8.35,98.29
40031,comanche,1994,9,26552,186,1994-09-15,30,365,1,7.26,88.28
40031,comanche,1994,10,26504,173,1994-10-15,31,365,1,6.75,79.46
40031,comanche,1994,11,26457,169,1994-11-15,30,365,1,6.59,80.21
40031,comanche,1994,12,26409,164,1994-12-15,31,365,1,6.4,75.33
40031,comanche,1995,1,26362,160,1995-01-15,31,365,1,6.24,73.49
40031,comanche,1995,2,26361,156,1995-02-15,28,365,1,6.09,79.33
40031,comanche,1995,3,26361,172,1995-03-15,31,365,1,6.71,79
40031,comanche,1995,4,26361,172,1995-04-15,30,365,1,6.71,81.64
40031,comanche,1995,5,26361,140,1995-05-15,31,365,1,5.46,64.3
40031,comanche,1995,6,26361,177,1995-06-15,30,365,1,6.9,84.01
40031,comanche,1995,7,26361,205,1995-07-15,31,365,1,8,94.16
40031,comanche,1995,8,26361,171,1995-08-15,31,365,1,6.67,78.54
40031,comanche,1995,9,26361,159,1995-09-15,30,365,1,6.2,75.47
40031,comanche,1995,10,26361,181,1995-10-15,31,365,1,7.06,83.14
40031,comanche,1995,11,26361,163,1995-11-15,30,365,1,6.36,77.36
40031,comanche,1995,12,26361,168,1995-12-15,31,365,1,6.55,77.17
40031,comanche,1996,1,26361,171,1996-01-15,31,366,1,6.67,78.76
40031,comanche,1996,2,26337,164,1996-02-15,29,366,2,6.4,80.74
40031,comanche,1996,3,26313,166,1996-03-15,31,366,2,6.48,76.46
40031,comanche,1996,4,26289,157,1996-04-15,30,366,2,6.12,74.72
40031,comanche,1996,5,26265,164,1996-05-15,31,366,2,6.4,75.53
40031,comanche,1996,6,26241,145,1996-06-15,30,366,2,5.66,69.01
40031,comanche,1996,7,26218,176,1996-07-15,31,366,2,6.87,81.06
40031,comanche,1996,8,26194,184,1996-08-15,31,366,2,7.18,84.75
40031,comanche,1996,9,26170,175,1996-09-15,30,366,2,6.83,83.29
40031,comanche,1996,10,26146,177,1996-10-15,31,366,2,6.9,81.52
40031,comanche,1996,11,26122,138,1996-11-15,30,366,2,5.38,65.68
40031,comanche,1996,12,26098,178,1996-12-15,31,366,2,6.94,81.98
40031,comanche,1997,1,26075,176,1997-01-15,31,365,2,6.87,80.84
40031,comanche,1997,2,26059,168,1997-02-15,28,365,2,6.55,85.43
40031,comanche,1997,3,26043,187,1997-03-15,31,365,2,7.29,85.89
40031,comanche,1997,4,26027,185,1997-04-15,30,365,2,7.22,87.81
40031,comanche,1997,5,26011,188,1997-05-15,31,365,2,7.33,86.35
40031,comanche,1997,6,25995,165,1997-06-15,30,365,2,6.44,78.31
40031,comanche,1997,7,25979,173,1997-07-15,31,365,2,6.75,79.46
40031,comanche,1997,8,25963,185,1997-08-15,31,365,2,7.22,84.97
40031,comanche,1997,9,25947,184,1997-09-15,30,365,2,7.18,87.33
40031,comanche,1997,10,25931,180,1997-10-15,31,365,2,7.02,82.68
40031,comanche,1997,11,25915,169,1997-11-15,30,365,2,6.59,80.21
40031,comanche,1997,12,25899,203,1997-12-15,31,365,2,7.92,93.24
40031,comanche,1998,1,25884,184,1998-01-15,31,365,2,7.18,84.51
40031,comanche,1998,2,25853,160,1998-02-15,28,365,2,6.24,81.37
40031,comanche,1998,3,25822,168,1998-03-15,31,365,2,6.55,77.17
40031,comanche,1998,4,25791,164,1998-04-15,30,365,2,6.4,77.84
40031,comanche,1998,5,25760,166,1998-05-15,31,365,2,6.48,76.25
40031,comanche,1998,6,25729,160,1998-06-15,30,365,2,6.24,75.94
40031,comanche,1998,7,25698,158,1998-07-15,31,365,2,6.16,72.57
40031,comanche,1998,8,25667,196,1998-08-15,31,365,2,7.65,90.03
40031,comanche,1998,9,25636,207,1998-09-15,30,365,2,8.08,98.25
40031,comanche,1998,10,25605,158,1998-10-15,31,365,2,6.16,72.57
40031,comanche,1998,11,25574,151,1998-11-15,30,365,2,5.89,71.67
40031,comanche,1998,12,25543,193,1998-12-15,31,365,2,7.53,88.65
40031,comanche,1999,1,25513,153,1999-01-15,31,365,2,5.97,70.28
40031,comanche,1999,2,25480,160,1999-02-15,28,365,2,6.24,81.37
40031,comanche,1999,3,25446,184,1999-03-15,31,365,2,7.18,84.51
40031,comanche,1999,4,25414,139,1999-04-15,30,365,2,5.42,65.97
40031,comanche,1999,5,25381,151,1999-05-15,31,365,2,5.89,69.36
40031,comanche,1999,6,25347,169,1999-06-15,30,365,2,6.59,80.21
40031,comanche,1999,7,25315,143,1999-07-15,31,365,2,5.58,65.68
40031,comanche,1999,8,25282,180,1999-08-15,31,365,2,7.02,82.68
40031,comanche,1999,9,25248,194,1999-09-15,30,365,2,7.57,92.08
40031,comanche,1999,10,25216,154,1999-10-15,31,365,2,6.01,70.74
40031,comanche,1999,11,25183,167,1999-11-15,30,365,2,6.51,79.26
40031,comanche,1999,12,25149,145,1999-12-15,31,365,2,5.66,66.6
40037,creek,1990,1,13273,60,1990-01-15,31,365,1,4.52,53.22
40037,creek,1990,2,13284,68,1990-02-15,28,365,1,5.12,66.78
40037,creek,1990,3,13295,67,1990-03-15,31,365,1,5.05,59.43
40037,creek,1990,4,13306,77,1990-04-15,30,365,1,5.8,70.58
40037,creek,1990,5,13317,64,1990-05-15,31,365,1,4.82,56.77
40037,creek,1990,6,13329,65,1990-06-15,30,365,1,4.9,59.58
40037,creek,1990,7,13340,77,1990-07-15,31,365,1,5.8,68.31
40037,creek,1990,8,13351,86,1990-08-15,31,365,1,6.48,76.29
40037,creek,1990,9,13363,83,1990-09-15,30,365,1,6.25,76.08
40037,creek,1990,10,13374,72,1990-10-15,31,365,1,5.42,63.87
40037,creek,1990,11,13385,72,1990-11-15,30,365,1,5.42,66
40037,creek,1990,12,13396,69,1990-12-15,31,365,1,5.2,61.21
40037,creek,1991,1,13408,88,1991-01-15,31,365,1,6.63,78.06
40037,creek,1991,2,13398,61,1991-02-15,28,365,1,4.6,59.91
40037,creek,1991,3,13388,73,1991-03-15,31,365,1,5.5,64.76
40037,creek,1991,4,13378,74,1991-04-15,30,365,1,5.58,67.83
40037,creek,1991,5,13369,73,1991-05-15,31,365,1,5.5,64.76
40037,creek,1991,6,13359,70,1991-06-15,30,365,1,5.27,64.17
40037,creek,1991,7,13349,74,1991-07-15,31,365,1,5.58,65.64
40037,creek,1991,8,13339,75,1991-08-15,31,365,1,5.65,66.53
40037,creek,1991,9,13329,73,1991-09-15,30,365,1,5.5,66.92
40037,creek,1991,10,13320,80,1991-10-15,31,365,1,6.03,70.97
40037,creek,1991,11,13310,71,1991-11-15,30,365,1,5.35,65.08
40037,creek,1991,12,13300,62,1991-12-15,31,365,1,4.67,55
40037,creek,1992,1,13291,76,1992-01-15,31,366,1,5.73,67.6
40037,creek,1992,2,13291,78,1992-02-15,29,366,1,5.88,74.17
40037,creek,1992,3,13291,68,1992-03-15,31,366,1,5.12,60.49
40037,creek,1992,4,13291,90,1992-04-15,30,366,1,6.78,82.72
40037,creek,1992,5,13291,64,1992-05-15,31,366,1,4.82,56.93
40037,creek,1992,6,13291,81,1992-06-15,30,366,1,6.1,74.45
40037,creek,1992,7,13291,82,1992-07-15,31,366,1,6.18,72.94
40037,creek,1992,8,13291,88,1992-08-15,31,366,1,6.63,78.28
40037,creek,1992,9,13291,70,1992-09-15,30,366,1,5.27,64.34
40037,creek,1992,10,13291,87,1992-10-15,31,366,1,6.55,77.39
40037,creek,1992,11,13291,70,1992-11-15,30,366,1,5.27,64.34
40037,creek,1992,12,13291,77,1992-12-15,31,366,1,5.8,68.49
40037,creek,1993,1,13292,66,1993-01-15,31,365,1,4.97,58.55
40037,creek,1993,2,13293,65,1993-02-15,28,365,1,4.9,63.84
40037,creek,1993,3,13295,71,1993-03-15,31,365,1,5.35,62.98
40037,creek,1993,4,13297,52,1993-04-15,30,365,1,3.92,47.67
40037,creek,1993,5,13299,78,1993-05-15,31,365,1,5.88,69.19
40037,creek,1993,6,13301,73,1993-06-15,30,365,1,5.5,66.92
40037,creek,1993,7,13303,54,1993-07-15,31,365,1,4.07,47.9
40037,creek,1993,8,13305,70,1993-08-15,31,365,1,5.27,62.1
40037,creek,1993,9,13307,87,1993-09-15,30,365,1,6.55,79.75
40037,creek,1993,10,13309,87,1993-10-15,31,365,1,6.55,77.18
40037,creek,1993,11,13311,81,1993-11-15,30,365,1,6.1,74.25
40037,creek,1993,12,13313,60,1993-12-15,31,365,1,4.52,53.22
40037,creek,1994,1,13315,70,1994-01-15,31,365,1,5.27,62.1
40037,creek,1994,2,13317,70,1994-02-15,28,365,1,5.27,68.75
40037,creek,1994,3,13320,75,1994-03-15,31,365,1,5.65,66.53
40037,creek,1994,4,13322,67,1994-04-15,30,365,1,5.05,61.42
40037,creek,1994,5,13324,62,1994-05-15,31,365,1,4.67,55
40037,creek,1994,6,13327,68,1994-06-15,30,365,1,5.12,62.33
40037,creek,1994,7,13330,80,1994-07-15,31,365,1,6.03,70.97
40037,creek,1994,8,13332,62,1994-08-15,31,365,1,4.67,55
40037,creek,1994,9,13335,77,1994-09-15,30,365,1,5.8,70.58
40037,creek,1994,10,13337,64,1994-10-15,31,365,1,4.82,56.77
40037,creek,1994,11,13339,61,1994-11-15,30,365,1,4.6,55.92
40037,creek,1994,12,13342,69,1994-12-15,31,365,1,5.2,61.21
40037,creek,1995,1,13345,67,1995-01-15,31,365,1,5.05,59.43
40037,creek,1995,2,13349,67,1995-02-15,28,365,1,5.05,65.8
40037,creek,1995,3,13353,70,1995-03-15,31,365,1,5.27,62.1
40037,creek,1995,4,13357,68,1995-04-15,30,365,1,5.12,62.33
40037,creek,1995,5,13361,79,1995-05-15,31,365,1,5.95,70.08
40037,creek,1995,6,13365,67,1995-06-15,30,365,1,5.05,61.42
40037,creek,1995,7,13370,81,1995-07-15,31,365,1,6.1,71.85
40037,creek,1995,8,13374,83,1995-08-15,31,365,1,6.25,73.63
40037,creek,1995,9,13378,67,1995-09-15,30,365,1,5.05,61.42
40037,creek,1995,10,13382,66,1995-10-15,31,365,1,4.97,58.55
40037,creek,1995,11,13386,82,1995-11-15,30,365,1,6.18,75.17
40037,creek,1995,12,13390,62,1995-12-15,31,365,1,4.67,55
40037,creek,1996,1,13395,72,1996-01-15,31,366,1,5.42,64.04
40037,creek,1996,2,13402,60,1996-02-15,29,366,2,4.52,57.05
40037,creek,1996,3,13410,81,1996-03-15,31,366,2,6.1,72.05
40037,creek,1996,4,13418,68,1996-04-15,30,366,2,5.12,62.5
40037,creek,1996,5,13426,63,1996-05-15,31,366,2,4.75,56.04
40037,creek,1996,6,13434,78,1996-06-15,30,366,2,5.88,71.69
40037,creek,1996,7,13442,73,1996-07-15,31,366,2,5.5,64.93
40037,creek,1996,8,13450,77,1996-08-15,31,366,2,5.8,68.49
40037,creek,1996,9,13458,92,1996-09-15,30,366,2,6.93,84.56
40037,creek,1996,10,13466,98,1996-10-15,31,366,2,7.38,87.17
40037,creek,1996,11,13474,82,1996-11-15,30,366,2,6.18,75.37
40037,creek,1996,12,13482,70,1996-12-15,31,366,2,5.27,62.27
40037,creek,1997,1,13490,71,1997-01-15,31,365,2,5.35,62.98
40037,creek,1997,2,13493,76,1997-02-15,28,365,2,5.73,74.64
40037,creek,1997,3,13497,64,1997-03-15,31,365,2,4.82,56.77
40037,creek,1997,4,13501,67,1997-04-15,30,365,2,5.05,61.42
40037,creek,1997,5,13504,70,1997-05-15,31,365,2,5.27,62.1
40037,creek,1997,6,13508,66,1997-06-15,30,365,2,4.97,60.5
40037,creek,1997,7,13512,87,1997-07-15,31,365,2,6.55,77.18
40037,creek,1997,8,13516,73,1997-08-15,31,365,2,5.5,64.76
40037,creek,1997,9,13520,72,1997-09-15,30,365,2,5.42,66
40037,creek,1997,10,13523,73,1997-10-15,31,365,2,5.5,64.76
40037,creek,1997,11,13527,79,1997-11-15,30,365,2,5.95,72.42
40037,creek,1997,12,13531,99,1997-12-15,31,365,2,7.46,87.82
40037,creek,1998,1,13535,79,1998-01-15,31,365,2,5.95,70.08
40037,creek,1998,2,13538,81,1998-02-15,28,365,2,6.1,79.55
40037,creek,1998,3,13541,72,1998-03-15,31,365,2,5.42,63.87
40037,creek,1998,4,13545,82,1998-04-15,30,365,2,6.18,75.17
40037,creek,1998,5,13548,75,1998-05-15,31,365,2,5.65,66.53
40037,creek,1998,6,13552,81,1998-06-15,30,365,2,6.1,74.25
40037,creek,1998,7,13555,69,1998-07-15,31,365,2,5.2,61.21
40037,creek,1998,8,13558,66,1998-08-15,31,365,2,4.97,58.55
40037,creek,1998,9,13562,69,1998-09-15,30,365,2,5.2,63.25
40037,creek,1998,10,13565,83,1998-10-15,31,365,2,6.25,73.63
40037,creek,1998,11,13569,60,1998-11-15,30,365,2,4.52,55
40037,creek,1998,12,13572,76,1998-12-15,31,365,2,5.73,67.42
40037,creek,1999,1,13576,72,1999-01-15,31,365,2,5.42,63.87
40037,creek,1999,2,13569,62,1999-02-15,28,365,2,4.67,60.89
40037,creek,1999,3,13563,58,1999-03-15,31,365,2,4.37,51.45
40037,creek,1999,4,13556,76,1999-04-15,30,365,2,5.73,69.67
40037,creek,1999,5,13550,70,1999-05-15,31,365,2,5.27,62.1
40037,creek,1999,6,13543,61,1999-06-15,30,365,2,4.6,55.92
40037,creek,1999,7,13537,77,1999-07-15,31,365,2,5.8,68.31
40037,creek,1999,8,13531,86,1999-08-15,31,365,2,6.48,76.29
40037,creek,1999,9,13524,77,1999-09-15,30,365,2,5.8,70.58
40037,creek,1999,10,13518,81,1999-10-15,31,365,2,6.1,71.85
40037,creek,1999,11,13511,84,1999-11-15,30,365,2,6.33,77
40037,creek,1999,12,13505,92,1999-12-15,31,365,2,6.93,81.61
40083,logan,1990,1,6577,26,1990-01-15,31,365,1,3.95,46.55
40083,logan,1990,2,6589,25,1990-02-15,28,365,1,3.8,49.55
40083,logan,1990,3,6601,39,1990-03-15,31,365,1,5.93,69.82
40083,logan,1990,4,6613,29,1990-04-15,30,365,1,4.41,53.65
40083,logan,1990,5,6625,31,1990-05-15,31,365,1,4.71,55.5
40083,logan,1990,6,6637,29,1990-06-15,30,365,1,4.41,53.65
40083,logan,1990,7,6649,34,1990-07-15,31,365,1,5.17,60.87
40083,logan,1990,8,6661,28,1990-08-15,31,365,1,4.26,50.13
40083,logan,1990,9,6673,33,1990-09-15,30,365,1,5.02,61.05
40083,logan,1990,10,6685,25,1990-10-15,31,365,1,3.8,44.76
40083,logan,1990,11,6697,27,1990-11-15,30,365,1,4.11,49.95
40083,logan,1990,12,6709,29,1990-12-15,31,365,1,4.41,51.92
40083,logan,1991,1,6722,34,1991-01-15,31,365,1,5.17,60.87
40083,logan,1991,2,6729,21,1991-02-15,28,365,1,3.19,41.62
40083,logan,1991,3,6737,28,1991-03-15,31,365,1,4.26,50.13
40083,logan,1991,4,6744,28,1991-04-15,30,365,1,4.26,51.8
40083,logan,1991,5,6752,30,1991-05-15,31,365,1,4.56,53.71
40083,logan,1991,6,6759,34,1991-06-15,30,365,1,5.17,62.9
40083,logan,1991,7,6767,27,1991-07-15,31,365,1,4.11,48.34
40083,logan,1991,8,6775,22,1991-08-15,31,365,1,3.34,39.38
40083,logan,1991,9,6782,35,1991-09-15,30,365,1,5.32,64.75
40083,logan,1991,10,6790,28,1991-10-15,31,365,1,4.26,50.13
40083,logan,1991,11,6797,34,1991-11-15,30,365,1,5.17,62.9
40083,logan,1991,12,6805,32,1991-12-15,31,365,1,4.87,57.29
40083,logan,1992,1,6813,29,1992-01-15,31,366,1,4.41,52.06
40083,logan,1992,2,6829,23,1992-02-15,29,366,1,3.5,44.13
40083,logan,1992,3,6845,26,1992-03-15,31,366,1,3.95,46.67
40083,logan,1992,4,6861,37,1992-04-15,30,366,1,5.63,68.63
40083,logan,1992,5,6877,20,1992-05-15,31,366,1,3.04,35.9
40083,logan,1992,6,6893,22,1992-06-15,30,366,1,3.34,40.81
40083,logan,1992,7,6909,39,1992-07-15,31,366,1,5.93,70.01
40083,logan,1992,8,6925,26,1992-08-15,31,366,1,3.95,46.67
40083,logan,1992,9,6941,36,1992-09-15,30,366,1,5.47,66.78
40083,logan,1992,10,6957,32,1992-10-15,31,366,1,4.87,57.44
40083,logan,1992,11,6973,27,1992-11-15,30,366,1,4.11,50.08
40083,logan,1992,12,6989,26,1992-12-15,31,366,1,3.95,46.67
40083,logan,1993,1,7006,27,1993-01-15,31,365,1,4.11,48.34
40083,logan,1993,2,7008,46,1993-02-15,28,365,1,6.99,91.17
40083,logan,1993,3,7011,36,1993-03-15,31,365,1,5.47,64.45
40083,logan,1993,4,7013,24,1993-04-15,30,365,1,3.65,44.4
40083,logan,1993,5,7016,18,1993-05-15,31,365,1,2.74,32.22
40083,logan,1993,6,7018,30,1993-06-15,30,365,1,4.56,55.5
40083,logan,1993,7,7021,29,1993-07-15,31,365,1,4.41,51.92
40083,logan,1993,8,7024,39,1993-08-15,31,365,1,5.93,69.82
40083,logan,1993,9,7026,28,1993-09-15,30,365,1,4.26,51.8
40083,logan,1993,10,7029,39,1993-10-15,31,365,1,5.93,69.82
40083,logan,1993,11,7031,28,1993-11-15,30,365,1,4.26,51.8
40083,logan,1993,12,7034,33,1993-12-15,31,365,1,5.02,59.08
40083,logan,1994,1,7037,26,1994-01-15,31,365,1,3.95,46.55
40083,logan,1994,2,7039,15,1994-02-15,28,365,1,2.28,29.73
40083,logan,1994,3,7041,36,1994-03-15,31,365,1,5.47,64.45
40083,logan,1994,4,7044,21,1994-04-15,30,365,1,3.19,38.85
40083,logan,1994,5,7046,30,1994-05-15,31,365,1,4.56,53.71
40083,logan,1994,6,7049,17,1994-06-15,30,365,1,2.58,31.45
40083,logan,1994,7,7051,26,1994-07-15,31,365,1,3.95,46.55
40083,logan,1994,8,7053,39,1994-08-15,31,365,1,5.93,69.82
40083,logan,1994,9,7056,23,1994-09-15,30,365,1,3.5,42.55
40083,logan,1994,10,7058,27,1994-10-15,31,365,1,4.11,48.34
40083,logan,1994,11,7061,25,1994-11-15,30,365,1,3.8,46.25
40083,logan,1994,12,7063,29,1994-12-15,31,365,1,4.41,51.92
40083,logan,1995,1,7066,35,1995-01-15,31,365,1,5.32,62.66
40083,logan,1995,2,7066,24,1995-02-15,28,365,1,3.65,47.57
40083,logan,1995,3,7066,38,1995-03-15,31,365,1,5.78,68.03
40083,logan,1995,4,7066,22,1995-04-15,30,365,1,3.34,40.7
40083,logan,1995,5,7066,33,1995-05-15,31,365,1,5.02,59.08
40083,logan,1995,6,7066,35,1995-06-15,30,365,1,5.32,64.75
40083,logan,1995,7,7066,30,1995-07-15,31,365,1,4.56,53.71
40083,logan,1995,8,7066,33,1995-08-15,31,365,1,5.02,59.08
40083,logan,1995,9,7066,30,1995-09-15,30,365,1,4.56,55.5
40083,logan,1995,10,7066,26,1995-10-15,31,365,1,3.95,46.55
40083,logan,1995,11,7066,28,1995-11-15,30,365,1,4.26,51.8
40083,logan,1995,12,7066,27,1995-12-15,31,365,1,4.11,48.34
40083,logan,1996,1,7066,23,1996-01-15,31,366,1,3.5,41.29
40083,logan,1996,2,7078,20,1996-02-15,29,366,2,3.04,38.38
40083,logan,1996,3,7090,41,1996-03-15,31,366,2,6.23,73.6
40083,logan,1996,4,7103,19,1996-04-15,30,366,2,2.89,35.24
40083,logan,1996,5,7115,19,1996-05-15,31,366,2,2.89,34.11
40083,logan,1996,6,7127,32,1996-06-15,30,366,2,4.87,59.36
40083,logan,1996,7,7140,20,1996-07-15,31,366,2,3.04,35.9
40083,logan,1996,8,7152,38,1996-08-15,31,366,2,5.78,68.21
40083,logan,1996,9,7164,27,1996-09-15,30,366,2,4.11,50.08
40083,logan,1996,10,7177,29,1996-10-15,31,366,2,4.41,52.06
40083,logan,1996,11,7189,29,1996-11-15,30,366,2,4.41,53.79
40083,logan,1996,12,7201,29,1996-12-15,31,366,2,4.41,52.06
40083,logan,1997,1,7214,28,1997-01-15,31,365,2,4.26,50.13
40083,logan,1997,2,7222,25,1997-02-15,28,365,2,3.8,49.55
40083,logan,1997,3,7231,43,1997-03-15,31,365,2,6.54,76.98
40083,logan,1997,4,7239,31,1997-04-15,30,365,2,4.71,57.35
40083,logan,1997,5,7248,28,1997-05-15,31,365,2,4.26,50.13
40083,logan,1997,6,7256,25,1997-06-15,30,365,2,3.8,46.25
40083,logan,1997,7,7265,41,1997-07-15,31,365,2,6.23,73.4
40083,logan,1997,8,7274,33,1997-08-15,31,365,2,5.02,59.08
40083,logan,1997,9,7282,29,1997-09-15,30,365,2,4.41,53.65
40083,logan,1997,10,7291,19,1997-10-15,31,365,2,2.89,34.01
40083,logan,1997,11,7299,29,1997-11-15,30,365,2,4.41,53.65
40083,logan,1997,12,7308,24,1997-12-15,31,365,2,3.65,42.96
40083,logan,1998,1,7317,30,1998-01-15,31,365,2,4.56,53.71
40083,logan,1998,2,7325,39,1998-02-15,28,365,2,5.93,77.3
40083,logan,1998,3,7334,36,1998-03-15,31,365,2,5.47,64.45
40083,logan,1998,4,7343,35,1998-04-15,30,365,2,5.32,64.75
40083,logan,1998,5,7351,25,1998-05-15,31,365,2,3.8,44.76
40083,logan,1998,6,7360,32,1998-06-15,30,365,2,4.87,59.2
40083,logan,1998,7,7369,35,1998-07-15,31,365,2,5.32,62.66
40083,logan,1998,8,7377,38,1998-08-15,31,365,2,5.78,68.03
40083,logan,1998,9,7386,27,1998-09-15,30,365,2,4.11,49.95
40083,logan,1998,10,7395,30,1998-10-15,31,365,2,4.56,53.71
40083,logan,1998,11,7403,24,1998-11-15,30,365,2,3.65,44.4
40083,logan,1998,12,7412,34,1998-12-15,31,365,2,5.17,60.87
40083,logan,1999,1,7421,19,1999-01-15,31,365,2,2.89,34.01
40083,logan,1999,2,7426,21,1999-02-15,28,365,2,3.19,41.62
40083,logan,1999,3,7431,32,1999-03-15,31,365,2,4.87,57.29
40083,logan,1999,4,7437,35,1999-04-15,30,365,2,5.32,64.75
40083,logan,1999,5,7442,22,1999-05-15,31,365,2,3.34,39.38
40083,logan,1999,6,7448,28,1999-06-15,30,365,2,4.26,51.8
40083,logan,1999,7,7453,28,1999-07-15,31,365,2,4.26,50.13
40083,logan,1999,8,7458,32,1999-08-15,31,365,2,4.87,57.29
40083,logan,1999,9,7464,26,1999-09-15,30,365,2,3.95,48.1
40083,logan,1999,10,7469,28,1999-10-15,31,365,2,4.26,50.13
40083,logan,1999,11,7475,22,1999-11-15,30,365,2,3.34,40.7
40083,logan,1999,12,7480,30,1999-12-15,31,365,2,4.56,53.71
40087,mcclain,1990,1,4981,24,1990-01-15,31,365,1,4.82,56.73
40087,mcclain,1990,2,4986,32,1990-02-15,28,365,1,6.42,83.75
40087,mcclain,1990,3,4991,30,1990-03-15,31,365,1,6.02,70.91
40087,mcclain,1990,4,4996,31,1990-04-15,30,365,1,6.22,75.72
40087,mcclain,1990,5,5001,22,1990-05-15,31,365,1,4.42,52
40087,mcclain,1990,6,5006,29,1990-06-15,30,365,1,5.82,70.84
40087,mcclain,1990,7,5012,32,1990-07-15,31,365,1,6.42,75.64
40087,mcclain,1990,8,5017,30,1990-08-15,31,365,1,6.02,70.91
40087,mcclain,1990,9,5022,26,1990-09-15,30,365,1,5.22,63.51
40087,mcclain,1990,10,5027,30,1990-10-15,31,365,1,6.02,70.91
40087,mcclain,1990,11,5032,16,1990-11-15,30,365,1,3.21,39.08
40087,mcclain,1990,12,5037,22,1990-12-15,31,365,1,4.42,52
40087,mcclain,1991,1,5043,26,1991-01-15,31,365,1,5.22,61.46
40087,mcclain,1991,2,5047,32,1991-02-15,28,365,1,6.42,83.75
40087,mcclain,1991,3,5051,29,1991-03-15,31,365,1,5.82,68.55
40087,mcclain,1991,4,5056,10,1991-04-15,30,365,1,2.01,24.43
40087,mcclain,1991,5,5060,38,1991-05-15,31,365,1,7.63,89.83
40087,mcclain,1991,6,5064,21,1991-06-15,30,365,1,4.22,51.29
40087,mcclain,1991,7,5069,19,1991-07-15,31,365,1,3.81,44.91
40087,mcclain,1991,8,5073,23,1991-08-15,31,365,1,4.62,54.37
40087,mcclain,1991,9,5077,22,1991-09-15,30,365,1,4.42,53.74
40087,mcclain,1991,10,5082,26,1991-10-15,31,365,1,5.22,61.46
40087,mcclain,1991,11,5086,32,1991-11-15,30,365,1,6.42,78.16
40087,mcclain,1991,12,5090,22,1991-12-15,31,365,1,4.42,52
40087,mcclain,1992,1,5095,21,1992-01-15,31,366,1,4.22,49.78
40087,mcclain,1992,2,5105,21,1992-02-15,29,366,1,4.22,53.21
40087,mcclain,1992,3,5115,32,1992-03-15,31,366,1,6.42,75.85
40087,mcclain,1992,4,5125,31,1992-04-15,30,366,1,6.22,75.93
40087,mcclain,1992,5,5135,29,1992-05-15,31,366,1,5.82,68.74
40087,mcclain,1992,6,5146,21,1992-06-15,30,366,1,4.22,51.44
40087,mcclain,1992,7,5156,31,1992-07-15,31,366,1,6.22,73.48
40087,mcclain,1992,8,5166,27,1992-08-15,31,366,1,5.42,64
40087,mcclain,1992,9,5177,27,1992-09-15,30,366,1,5.42,66.13
40087,mcclain,1992,10,5187,22,1992-10-15,31,366,1,4.42,52.15
40087,mcclain,1992,11,5197,19,1992-11-15,30,366,1,3.81,46.54
40087,mcclain,1992,12,5207,26,1992-12-15,31,366,1,5.22,61.63
40087,mcclain,1993,1,5218,22,1993-01-15,31,365,1,4.42,52
40087,mcclain,1993,2,5228,28,1993-02-15,28,365,1,5.62,73.28
40087,mcclain,1993,3,5239,21,1993-03-15,31,365,1,4.22,49.64
40087,mcclain,1993,4,5249,24,1993-04-15,30,365,1,4.82,58.62
40087,mcclain,1993,5,5260,24,1993-05-15,31,365,1,4.82,56.73
40087,mcclain,1993,6,5270,30,1993-06-15,30,365,1,6.02,73.28
40087,mcclain,1993,7,5281,15,1993-07-15,31,365,1,3.01,35.46
40087,mcclain,1993,8,5292,34,1993-08-15,31,365,1,6.83,80.37
40087,mcclain,1993,9,5302,26,1993-09-15,30,365,1,5.22,63.51
40087,mcclain,1993,10,5313,24,1993-10-15,31,365,1,4.82,56.73
40087,mcclain,1993,11,5323,18,1993-11-15,30,365,1,3.61,43.97
40087,mcclain,1993,12,5334,22,1993-12-15,31,365,1,4.42,52
40087,mcclain,1994,1,5345,23,1994-01-15,31,365,1,4.62,54.37
40087,mcclain,1994,2,5357,24,1994-02-15,28,365,1,4.82,62.81
40087,mcclain,1994,3,5370,28,1994-03-15,31,365,1,5.62,66.19
40087,mcclain,1994,4,5383,42,1994-04-15,30,365,1,8.43,102.59
40087,mcclain,1994,5,5395,32,1994-05-15,31,365,1,6.42,75.64
40087,mcclain,1994,6,5408,37,1994-06-15,30,365,1,7.43,90.38
40087,mcclain,1994,7,5421,28,1994-07-15,31,365,1,5.62,66.19
40087,mcclain,1994,8,5433,38,1994-08-15,31,365,1,7.63,89.83
40087,mcclain,1994,9,5446,19,1994-09-15,30,365,1,3.81,46.41
40087,mcclain,1994,10,5459,32,1994-10-15,31,365,1,6.42,75.64
40087,mcclain,1994,11,5471,18,1994-11-15,30,365,1,3.61,43.97
40087,mcclain,1994,12,5484,23,1994-12-15,31,365,1,4.62,54.37
40087,mcclain,1995,1,5497,26,1995-01-15,31,365,1,5.22,61.46
40087,mcclain,1995,2,5501,25,1995-02-15,28,365,1,5.02,65.43
40087,mcclain,1995,3,5507,24,1995-03-15,31,365,1,4.82,56.73
40087,mcclain,1995,4,5512,18,1995-04-15,30,365,1,3.61,43.97
40087,mcclain,1995,5,5516,27,1995-05-15,31,365,1,5.42,63.82
40087,mcclain,1995,6,5522,26,1995-06-15,30,365,1,5.22,63.51
40087,mcclain,1995,7,5527,30,1995-07-15,31,365,1,6.02,70.91
40087,mcclain,1995,8,5531,30,1995-08-15,31,365,1,6.02,70.91
40087,mcclain,1995,9,5537,19,1995-09-15,30,365,1,3.81,46.41
40087,mcclain,1995,10,5542,28,1995-10-15,31,365,1,5.62,66.19
40087,mcclain,1995,11,5546,27,1995-11-15,30,365,1,5.42,65.95
40087,mcclain,1995,12,5552,20,1995-12-15,31,365,1,4.02,47.28
40087,mcclain,1996,1,5557,25,1996-01-15,31,366,1,5.02,59.26
40087,mcclain,1996,2,5564,16,1996-02-15,29,366,2,3.21,40.54
40087,mcclain,1996,3,5571,16,1996-03-15,31,366,2,3.21,37.92
40087,mcclain,1996,4,5578,27,1996-04-15,30,366,2,5.42,66.13
40087,mcclain,1996,5,5585,26,1996-05-15,31,366,2,5.22,61.63
40087,mcclain,1996,6,5592,27,1996-06-15,30,366,2,5.42,66.13
40087,mcclain,1996,7,5599,25,1996-07-15,31,366,2,5.02,59.26
40087,mcclain,1996,8,5606,32,1996-08-15,31,366,2,6.42,75.85
40087,mcclain,1996,9,5613,24,1996-09-15,30,366,2,4.82,58.78
40087,mcclain,1996,10,5620,25,1996-10-15,31,366,2,5.02,59.26
40087,mcclain,1996,11,5627,25,1996-11-15,30,366,2,5.02,61.23
40087,mcclain,1996,12,5634,21,1996-12-15,31,366,2,4.22,49.78
40087,mcclain,1997,1,5642,20,1997-01-15,31,365,2,4.02,47.28
40087,mcclain,1997,2,5648,28,1997-02-15,28,365,2,5.62,73.28
40087,mcclain,1997,3,5654,18,1997-03-15,31,365,2,3.61,42.55
40087,mcclain,1997,4,5661,23,1997-04-15,30,365,2,4.62,56.18
40087,mcclain,1997,5,5667,29,1997-05-15,31,365,2,5.82,68.55
40087,mcclain,1997,6,5674,28,1997-06-15,30,365,2,5.62,68.39
40087,mcclain,1997,7,5680,35,1997-07-15,31,365,2,7.03,82.73
40087,mcclain,1997,8,5686,22,1997-08-15,31,365,2,4.42,52
40087,mcclain,1997,9,5693,22,1997-09-15,30,365,2,4.42,53.74
40087,mcclain,1997,10,5699,23,1997-10-15,31,365,2,4.62,54.37
40087,mcclain,1997,11,5706,33,1997-11-15,30,365,2,6.63,80.61
40087,mcclain,1997,12,5712,38,1997-12-15,31,365,2,7.63,89.83
40087,mcclain,1998,1,5719,22,1998-01-15,31,365,2,4.42,52
40087,mcclain,1998,2,5728,40,1998-02-15,28,365,2,8.03,104.68
40087,mcclain,1998,3,5738,29,1998-03-15,31,365,2,5.82,68.55
40087,mcclain,1998,4,5747,32,1998-04-15,30,365,2,6.42,78.16
40087,mcclain,1998,5,5756,33,1998-05-15,31,365,2,6.63,78.01
40087,mcclain,1998,6,5766,36,1998-06-15,30,365,2,7.23,87.93
40087,mcclain,1998,7,5776,18,1998-07-15,31,365,2,3.61,42.55
40087,mcclain,1998,8,5785,31,1998-08-15,31,365,2,6.22,73.28
40087,mcclain,1998,9,5795,20,1998-09-15,30,365,2,4.02,48.85
40087,mcclain,1998,10,5804,36,1998-10-15,31,365,2,7.23,85.1
40087,mcclain,1998,11,5813,28,1998-11-15,30,365,2,5.62,68.39
40087,mcclain,1998,12,5823,31,1998-12-15,31,365,2,6.22,73.28
40087,mcclain,1999,1,5833,30,1999-01-15,31,365,2,6.02,70.91
40087,mcclain,1999,2,5837,24,1999-02-15,28,365,2,4.82,62.81
40087,mcclain,1999,3,5842,29,1999-03-15,31,365,2,5.82,68.55
40087,mcclain,1999,4,5846,26,1999-04-15,30,365,2,5.22,63.51
40087,mcclain,1999,5,5850,26,1999-05-15,31,365,2,5.22,61.46
40087,mcclain,1999,6,5855,28,1999-06-15,30,365,2,5.62,68.39
40087,mcclain,1999,7,5860,29,1999-07-15,31,365,2,5.82,68.55
40087,mcclain,1999,8,5864,35,1999-08-15,31,365,2,7.03,82.73
40087,mcclain,1999,9,5869,36,1999-09-15,30,365,2,7.23,87.93
40087,mcclain,1999,10,5873,34,1999-10-15,31,365,2,6.83,80.37
40087,mcclain,1999,11,5877,34,1999-11-15,30,365,2,6.83,83.05
40087,mcclain,1999,12,5882,36,1999-12-15,31,365,2,7.23,85.1
40109,oklahoma,1990,1,143192,853,1990-01-15,31,365,1,5.96,70.14
40109,oklahoma,1990,2,143278,758,1990-02-15,28,365,1,5.29,69.01
40109,oklahoma,1990,3,143365,886,1990-03-15,31,365,1,6.19,72.85
40109,oklahoma,1990,4,143452,871,1990-04-15,30,365,1,6.08,74.01
40109,oklahoma,1990,5,143538,822,1990-05-15,31,365,1,5.74,67.59
40109,oklahoma,1990,6,143625,834,1990-06-15,30,365,1,5.82,70.86
40109,oklahoma,1990,7,143712,856,1990-07-15,31,365,1,5.98,70.39
40109,oklahoma,1990,8,143798,861,1990-08-15,31,365,1,6.01,70.8
40109,oklahoma,1990,9,143885,844,1990-09-15,30,365,1,5.89,71.71
40109,oklahoma,1990,10,143972,880,1990-10-15,31,365,1,6.15,72.36
40109,oklahoma,1990,11,144058,813,1990-11-15,30,365,1,5.68,69.08
40109,oklahoma,1990,12,144145,799,1990-12-15,31,365,1,5.58,65.7
40109,oklahoma,1991,1,144232,862,1991-01-15,31,365,1,6.02,70.88
40109,oklahoma,1991,2,144280,728,1991-02-15,28,365,1,5.08,66.27
40109,oklahoma,1991,3,144329,778,1991-03-15,31,365,1,5.43,63.97
40109,oklahoma,1991,4,144377,849,1991-04-15,30,365,1,5.93,72.14
40109,oklahoma,1991,5,144426,865,1991-05-15,31,365,1,6.04,71.13
40109,oklahoma,1991,6,144474,780,1991-06-15,30,365,1,5.45,66.27
40109,oklahoma,1991,7,144523,906,1991-07-15,31,365,1,6.33,74.5
40109,oklahoma,1991,8,144572,913,1991-08-15,31,365,1,6.38,75.07
40109,oklahoma,1991,9,144620,898,1991-09-15,30,365,1,6.27,76.3
40109,oklahoma,1991,10,144669,929,1991-10-15,31,365,1,6.49,76.39
40109,oklahoma,1991,11,144717,783,1991-11-15,30,365,1,5.47,66.53
40109,oklahoma,1991,12,144766,869,1991-12-15,31,365,1,6.07,71.45
40109,oklahoma,1992,1,144815,827,1992-01-15,31,366,1,5.78,68.19
40109,oklahoma,1992,2,144892,795,1992-02-15,29,366,1,5.55,70.07
40109,oklahoma,1992,3,144969,846,1992-03-15,31,366,1,5.91,69.75
40109,oklahoma,1992,4,145047,820,1992-04-15,30,366,1,5.73,69.86
40109,oklahoma,1992,5,145124,823,1992-05-15,31,366,1,5.75,67.86
40109,oklahoma,1992,6,145202,837,1992-06-15,30,366,1,5.85,71.31
40109,oklahoma,1992,7,145279,967,1992-07-15,31,366,1,6.75,79.73
40109,oklahoma,1992,8,145356,863,1992-08-15,31,366,1,6.03,71.16
40109,oklahoma,1992,9,145434,848,1992-09-15,30,366,1,5.92,72.25
40109,oklahoma,1992,10,145511,839,1992-10-15,31,366,1,5.86,69.18
40109,oklahoma,1992,11,145589,763,1992-11-15,30,366,1,5.33,65.01
40109,oklahoma,1992,12,145666,848,1992-12-15,31,366,1,5.92,69.92
40109,oklahoma,1993,1,145744,854,1993-01-15,31,365,1,5.96,70.22
40109,oklahoma,1993,2,145831,794,1993-02-15,28,365,1,5.55,72.28
40109,oklahoma,1993,3,145920,847,1993-03-15,31,365,1,5.92,69.65
40109,oklahoma,1993,4,146008,809,1993-04-15,30,365,1,5.65,68.74
40109,oklahoma,1993,5,146095,843,1993-05-15,31,365,1,5.89,69.32
40109,oklahoma,1993,6,146184,864,1993-06-15,30,365,1,6.03,73.41
40109,oklahoma,1993,7,146272,864,1993-07-15,31,365,1,6.03,71.04
40109,oklahoma,1993,8,146359,908,1993-08-15,31,365,1,6.34,74.66
40109,oklahoma,1993,9,146448,821,1993-09-15,30,365,1,5.73,69.76
40109,oklahoma,1993,10,146536,868,1993-10-15,31,365,1,6.06,71.37
40109,oklahoma,1993,11,146623,807,1993-11-15,30,365,1,5.64,68.57
40109,oklahoma,1993,12,146712,808,1993-12-15,31,365,1,5.64,66.44
40109,oklahoma,1994,1,146800,863,1994-01-15,31,365,1,6.03,70.96
40109,oklahoma,1994,2,146805,805,1994-02-15,28,365,1,5.62,73.28
40109,oklahoma,1994,3,146810,851,1994-03-15,31,365,1,5.94,69.97
40109,oklahoma,1994,4,146815,793,1994-04-15,30,365,1,5.54,67.38
40109,oklahoma,1994,5,146821,815,1994-05-15,31,365,1,5.69,67.01
40109,oklahoma,1994,6,146826,869,1994-06-15,30,365,1,6.07,73.84
40109,oklahoma,1994,7,146831,852,1994-07-15,31,365,1,5.95,70.06
40109,oklahoma,1994,8,146836,942,1994-08-15,31,365,1,6.58,77.46
40109,oklahoma,1994,9,146842,847,1994-09-15,30,365,1,5.92,71.97
40109,oklahoma,1994,10,146847,787,1994-10-15,31,365,1,5.5,64.71
40109,oklahoma,1994,11,146852,810,1994-11-15,30,365,1,5.66,68.82
40109,oklahoma,1994,12,146857,803,1994-12-15,31,365,1,5.61,66.03
40109,oklahoma,1995,1,146863,796,1995-01-15,31,365,1,5.56,65.45
40109,oklahoma,1995,2,146948,757,1995-02-15,28,365,1,5.29,68.91
40109,oklahoma,1995,3,147034,790,1995-03-15,31,365,1,5.52,64.96
40109,oklahoma,1995,4,147120,769,1995-04-15,30,365,1,5.37,65.34
40109,oklahoma,1995,5,147206,863,1995-05-15,31,365,1,6.03,70.96
40109,oklahoma,1995,6,147292,835,1995-06-15,30,365,1,5.83,70.95
40109,oklahoma,1995,7,147378,857,1995-07-15,31,365,1,5.98,70.47
40109,oklahoma,1995,8,147463,866,1995-08-15,31,365,1,6.05,71.21
40109,oklahoma,1995,9,147549,865,1995-09-15,30,365,1,6.04,73.5
40109,oklahoma,1995,10,147635,830,1995-10-15,31,365,1,5.8,68.25
40109,oklahoma,1995,11,147721,844,1995-11-15,30,365,1,5.89,71.71
40109,oklahoma,1995,12,147807,814,1995-12-15,31,365,1,5.68,66.93
40109,oklahoma,1996,1,147893,768,1996-01-15,31,366,1,5.36,63.32
40109,oklahoma,1996,2,147938,752,1996-02-15,29,366,2,5.25,66.28
40109,oklahoma,1996,3,147985,857,1996-03-15,31,366,2,5.98,70.66
40109,oklahoma,1996,4,148031,844,1996-04-15,30,366,2,5.89,71.91
40109,oklahoma,1996,5,148076,852,1996-05-15,31,366,2,5.95,70.25
40109,oklahoma,1996,6,148123,820,1996-06-15,30,366,2,5.73,69.86
40109,oklahoma,1996,7,148169,887,1996-07-15,31,366,2,6.19,73.13
40109,oklahoma,1996,8,148214,953,1996-08-15,31,366,2,6.66,78.58
40109,oklahoma,1996,9,148261,949,1996-09-15,30,366,2,6.63,80.86
40109,oklahoma,1996,10,148307,925,1996-10-15,31,366,2,6.46,76.27
40109,oklahoma,1996,11,148352,736,1996-11-15,30,366,2,5.14,62.71
40109,oklahoma,1996,12,148399,840,1996-12-15,31,366,2,5.87,69.26
40109,oklahoma,1997,1,148445,894,1997-01-15,31,365,2,6.24,73.51
40109,oklahoma,1997,2,148447,773,1997-02-15,28,365,2,5.4,70.37
40109,oklahoma,1997,3,148449,860,1997-03-15,31,365,2,6.01,70.71
40109,oklahoma,1997,4,148451,860,1997-04-15,30,365,2,6.01,73.07
40109,oklahoma,1997,5,148453,848,1997-05-15,31,365,2,5.92,69.73
40109,oklahoma,1997,6,148455,839,1997-06-15,30,365,2,5.86,71.29
40109,oklahoma,1997,7,148458,951,1997-07-15,31,365,2,6.64,78.2
40109,oklahoma,1997,8,148460,888,1997-08-15,31,365,2,6.2,73.02
40109,oklahoma,1997,9,148462,907,1997-09-15,30,365,2,6.33,77.07
40109,oklahoma,1997,10,148464,881,1997-10-15,31,365,2,6.15,72.44
40109,oklahoma,1997,11,148466,840,1997-11-15,30,365,2,5.87,71.37
40109,oklahoma,1997,12,148468,958,1997-12-15,31,365,2,6.69,78.77
40109,oklahoma,1998,1,148471,896,1998-01-15,31,365,2,6.26,73.68
40109,oklahoma,1998,2,148554,834,1998-02-15,28,365,2,5.82,75.92
40109,oklahoma,1998,3,148638,919,1998-03-15,31,365,2,6.42,75.57
40109,oklahoma,1998,4,148722,810,1998-04-15,30,365,2,5.66,68.82
40109,oklahoma,1998,5,148805,840,1998-05-15,31,365,2,5.87,69.07
40109,oklahoma,1998,6,148889,934,1998-06-15,30,365,2,6.52,79.36
40109,oklahoma,1998,7,148973,934,1998-07-15,31,365,2,6.52,76.8
40109,oklahoma,1998,8,149056,930,1998-08-15,31,365,2,6.49,76.47
40109,oklahoma,1998,9,149140,1000,1998-09-15,30,365,2,6.98,84.97
40109,oklahoma,1998,10,149224,918,1998-10-15,31,365,2,6.41,75.48
40109,oklahoma,1998,11,149307,851,1998-11-15,30,365,2,5.94,72.31
40109,oklahoma,1998,12,149391,922,1998-12-15,31,365,2,6.44,75.81
40109,oklahoma,1999,1,149475,827,1999-01-15,31,365,2,5.78,68
40109,oklahoma,1999,2,149477,808,1999-02-15,28,365,2,5.64,73.56
40109,oklahoma,1999,3,149480,870,1999-03-15,31,365,2,6.08,71.54
40109,oklahoma,1999,4,149483,878,1999-04-15,30,365,2,6.13,74.6
40109,oklahoma,1999,5,149486,866,1999-05-15,31,365,2,6.05,71.21
40109,oklahoma,1999,6,149489,897,1999-06-15,30,365,2,6.26,76.22
40109,oklahoma,1999,7,149492,981,1999-07-15,31,365,2,6.85,80.66
40109,oklahoma,1999,8,149494,958,1999-08-15,31,365,2,6.69,78.77
40109,oklahoma,1999,9,149497,968,1999-09-15,30,365,2,6.76,82.25
40109,oklahoma,1999,10,149500,942,1999-10-15,31,365,2,6.58,77.46
40109,oklahoma,1999,11,149503,852,1999-11-15,30,365,2,5.95,72.39
40109,oklahoma,1999,12,149506,893,1999-12-15,31,365,2,6.24,73.43
40113,osage,1990,1,8539,37,1990-01-15,31,365,1,4.33,51.02
40113,osage,1990,2,8538,33,1990-02-15,28,365,1,3.86,50.38
40113,osage,1990,3,8538,43,1990-03-15,31,365,1,5.04,59.29
40113,osage,1990,4,8538,41,1990-04-15,30,365,1,4.8,58.42
40113,osage,1990,5,8538,45,1990-05-15,31,365,1,5.27,62.05
40113,osage,1990,6,8537,51,1990-06-15,30,365,1,5.97,72.67
40113,osage,1990,7,8537,43,1990-07-15,31,365,1,5.04,59.29
40113,osage,1990,8,8537,36,1990-08-15,31,365,1,4.22,49.64
40113,osage,1990,9,8537,55,1990-09-15,30,365,1,6.44,78.37
40113,osage,1990,10,8536,49,1990-10-15,31,365,1,5.74,67.56
40113,osage,1990,11,8536,31,1990-11-15,30,365,1,3.63,44.17
40113,osage,1990,12,8536,42,1990-12-15,31,365,1,4.92,57.91
40113,osage,1991,1,8536,41,1991-01-15,31,365,1,4.8,56.53
40113,osage,1991,2,8536,34,1991-02-15,28,365,1,3.98,51.9
40113,osage,1991,3,8536,41,1991-03-15,31,365,1,4.8,56.53
40113,osage,1991,4,8536,32,1991-04-15,30,365,1,3.75,45.59
40113,osage,1991,5,8536,42,1991-05-15,31,365,1,4.92,57.91
40113,osage,1991,6,8536,30,1991-06-15,30,365,1,3.51,42.75
40113,osage,1991,7,8536,42,1991-07-15,31,365,1,4.92,57.91
40113,osage,1991,8,8536,45,1991-08-15,31,365,1,5.27,62.05
40113,osage,1991,9,8536,44,1991-09-15,30,365,1,5.15,62.69
40113,osage,1991,10,8536,41,1991-10-15,31,365,1,4.8,56.53
40113,osage,1991,11,8536,40,1991-11-15,30,365,1,4.68,56.99
40113,osage,1991,12,8536,32,1991-12-15,31,365,1,3.75,44.12
40113,osage,1992,1,8537,41,1992-01-15,31,366,1,4.8,56.69
40113,osage,1992,2,8544,27,1992-02-15,29,366,1,3.16,39.91
40113,osage,1992,3,8551,39,1992-03-15,31,366,1,4.57,53.92
40113,osage,1992,4,8559,47,1992-04-15,30,366,1,5.5,67.15
40113,osage,1992,5,8566,41,1992-05-15,31,366,1,4.8,56.69
40113,osage,1992,6,8574,34,1992-06-15,30,366,1,3.98,48.58
40113,osage,1992,7,8581,43,1992-07-15,31,366,1,5.04,59.45
40113,osage,1992,8,8588,36,1992-08-15,31,366,1,4.22,49.78
40113,osage,1992,9,8596,46,1992-09-15,30,366,1,5.39,65.72
40113,osage,1992,10,8603,45,1992-10-15,31,366,1,5.27,62.22
40113,osage,1992,11,8611,40,1992-11-15,30,366,1,4.68,57.15
40113,osage,1992,12,8618,31,1992-12-15,31,366,1,3.63,42.86
40113,osage,1993,1,8626,34,1993-01-15,31,365,1,3.98,46.88
40113,osage,1993,2,8617,38,1993-02-15,28,365,1,4.45,58.01
40113,osage,1993,3,8609,32,1993-03-15,31,365,1,3.75,44.12
40113,osage,1993,4,8601,34,1993-04-15,30,365,1,3.98,48.44
40113,osage,1993,5,8593,32,1993-05-15,31,365,1,3.75,44.12
40113,osage,1993,6,8585,40,1993-06-15,30,365,1,4.68,56.99
40113,osage,1993,7,8577,34,1993-07-15,31,365,1,3.98,46.88
40113,osage,1993,8,8569,41,1993-08-15,31,365,1,4.8,56.53
40113,osage,1993,9,8561,49,1993-09-15,30,365,1,5.74,69.82
40113,osage,1993,10,8553,43,1993-10-15,31,365,1,5.04,59.29
40113,osage,1993,11,8545,33,1993-11-15,30,365,1,3.86,47.02
40113,osage,1993,12,8537,20,1993-12-15,31,365,1,2.34,27.58
40113,osage,1994,1,8529,25,1994-01-15,31,365,1,2.93,34.47
40113,osage,1994,2,8525,32,1994-02-15,28,365,1,3.75,48.85
40113,osage,1994,3,8522,38,1994-03-15,31,365,1,4.45,52.4
40113,osage,1994,4,8519,25,1994-04-15,30,365,1,2.93,35.62
40113,osage,1994,5,8516,32,1994-05-15,31,365,1,3.75,44.12
40113,osage,1994,6,8513,34,1994-06-15,30,365,1,3.98,48.44
40113,osage,1994,7,8510,40,1994-07-15,31,365,1,4.68,55.15
40113,osage,1994,8,8507,36,1994-08-15,31,365,1,4.22,49.64
40113,osage,1994,9,8504,42,1994-09-15,30,365,1,4.92,59.84
40113,osage,1994,10,8501,32,1994-10-15,31,365,1,3.75,44.12
40113,osage,1994,11,8498,25,1994-11-15,30,365,1,2.93,35.62
40113,osage,1994,12,8495,39,1994-12-15,31,365,1,4.57,53.78
40113,osage,1995,1,8492,32,1995-01-15,31,365,1,3.75,44.12
40113,osage,1995,2,8492,30,1995-02-15,28,365,1,3.51,45.8
40113,osage,1995,3,8492,36,1995-03-15,31,365,1,4.22,49.64
40113,osage,1995,4,8493,30,1995-04-15,30,365,1,3.51,42.75
40113,osage,1995,5,8493,31,1995-05-15,31,365,1,3.63,42.75
40113,osage,1995,6,8494,46,1995-06-15,30,365,1,5.39,65.54
40113,osage,1995,7,8494,34,1995-07-15,31,365,1,3.98,46.88
40113,osage,1995,8,8494,32,1995-08-15,31,365,1,3.75,44.12
40113,osage,1995,9,8495,34,1995-09-15,30,365,1,3.98,48.44
40113,osage,1995,10,8495,38,1995-10-15,31,365,1,4.45,52.4
40113,osage,1995,11,8496,20,1995-11-15,30,365,1,2.34,28.5
40113,osage,1995,12,8496,25,1995-12-15,31,365,1,2.93,34.47
40113,osage,1996,1,8497,46,1996-01-15,31,366,1,5.39,63.6
40113,osage,1996,2,8497,33,1996-02-15,29,366,2,3.86,48.77
40113,osage,1996,3,8498,29,1996-03-15,31,366,2,3.4,40.1
40113,osage,1996,4,8498,22,1996-04-15,30,366,2,2.58,31.43
40113,osage,1996,5,8499,38,1996-05-15,31,366,2,4.45,52.54
40113,osage,1996,6,8499,26,1996-06-15,30,366,2,3.04,37.15
40113,osage,1996,7,8500,42,1996-07-15,31,366,2,4.92,58.07
40113,osage,1996,8,8501,38,1996-08-15,31,366,2,4.45,52.54
40113,osage,1996,9,8501,21,1996-09-15,30,366,2,2.46,30
40113,osage,1996,10,8502,38,1996-10-15,31,366,2,4.45,52.54
40113,osage,1996,11,8502,31,1996-11-15,30,366,2,3.63,44.29
40113,osage,1996,12,8503,29,1996-12-15,31,366,2,3.4,40.1
40113,osage,1997,1,8504,34,1997-01-15,31,365,2,3.98,46.88
40113,osage,1997,2,8508,34,1997-02-15,28,365,2,3.98,51.9
40113,osage,1997,3,8512,29,1997-03-15,31,365,2,3.4,39.99
40113,osage,1997,4,8516,38,1997-04-15,30,365,2,4.45,54.14
40113,osage,1997,5,8520,32,1997-05-15,31,365,2,3.75,44.12
40113,osage,1997,6,8524,42,1997-06-15,30,365,2,4.92,59.84
40113,osage,1997,7,8529,28,1997-07-15,31,365,2,3.28,38.61
40113,osage,1997,8,8533,43,1997-08-15,31,365,2,5.04,59.29
40113,osage,1997,9,8537,37,1997-09-15,30,365,2,4.33,52.72
40113,osage,1997,10,8541,36,1997-10-15,31,365,2,4.22,49.64
40113,osage,1997,11,8545,37,1997-11-15,30,365,2,4.33,52.72
40113,osage,1997,12,8549,33,1997-12-15,31,365,2,3.86,45.5
40113,osage,1998,1,8554,28,1998-01-15,31,365,2,3.28,38.61
40113,osage,1998,2,8550,28,1998-02-15,28,365,2,3.28,42.75
40113,osage,1998,3,8546,34,1998-03-15,31,365,2,3.98,46.88
40113,osage,1998,4,8542,40,1998-04-15,30,365,2,4.68,56.99
40113,osage,1998,5,8538,29,1998-05-15,31,365,2,3.4,39.99
40113,osage,1998,6,8534,35,1998-06-15,30,365,2,4.1,49.87
40113,osage,1998,7,8530,43,1998-07-15,31,365,2,5.04,59.29
40113,osage,1998,8,8526,25,1998-08-15,31,365,2,2.93,34.47
40113,osage,1998,9,8522,33,1998-09-15,30,365,2,3.86,47.02
40113,osage,1998,10,8518,43,1998-10-15,31,365,2,5.04,59.29
40113,osage,1998,11,8514,32,1998-11-15,30,365,2,3.75,45.59
40113,osage,1998,12,8510,39,1998-12-15,31,365,2,4.57,53.78
40113,osage,1999,1,8507,35,1999-01-15,31,365,2,4.1,48.26
40113,osage,1999,2,8505,34,1999-02-15,28,365,2,3.98,51.9
40113,osage,1999,3,8503,31,1999-03-15,31,365,2,3.63,42.75
40113,osage,1999,4,8501,28,1999-04-15,30,365,2,3.28,39.9
40113,osage,1999,5,8499,28,1999-05-15,31,365,2,3.28,38.61
40113,osage,1999,6,8497,56,1999-06-15,30,365,2,6.56,79.79
40113,osage,1999,7,8496,40,1999-07-15,31,365,2,4.68,55.15
40113,osage,1999,8,8494,29,1999-08-15,31,365,2,3.4,39.99
40113,osage,1999,9,8492,40,1999-09-15,30,365,2,4.68,56.99
40113,osage,1999,10,8490,30,1999-10-15,31,365,2,3.51,41.37
40113,osage,1999,11,8488,33,1999-11-15,30,365,2,3.86,47.02
40113,osage,1999,12,8486,40,1999-12-15,31,365,2,4.68,55.15
40125,pottawatomie,1990,1,13100,62,1990-01-15,31,365,1,4.73,55.73
40125,pottawatomie,1990,2,13102,74,1990-02-15,28,365,1,5.65,73.64
40125,pottawatomie,1990,3,13104,72,1990-03-15,31,365,1,5.5,64.71
40125,pottawatomie,1990,4,13106,60,1990-04-15,30,365,1,4.58,55.73
40125,pottawatomie,1990,5,13108,74,1990-05-15,31,365,1,5.65,66.51
40125,pottawatomie,1990,6,13110,65,1990-06-15,30,365,1,4.96,60.37
40125,pottawatomie,1990,7,13112,79,1990-07-15,31,365,1,6.03,71
40125,pottawatomie,1990,8,13114,74,1990-08-15,31,365,1,5.65,66.51
40125,pottawatomie,1990,9,13116,62,1990-09-15,30,365,1,4.73,57.58
40125,pottawatomie,1990,10,13118,72,1990-10-15,31,365,1,5.5,64.71
40125,pottawatomie,1990,11,13120,75,1990-11-15,30,365,1,5.73,69.66
40125,pottawatomie,1990,12,13122,76,1990-12-15,31,365,1,5.8,68.31
40125,pottawatomie,1991,1,13125,63,1991-01-15,31,365,1,4.81,56.62
40125,pottawatomie,1991,2,13130,57,1991-02-15,28,365,1,4.35,56.72
40125,pottawatomie,1991,3,13135,64,1991-03-15,31,365,1,4.89,57.52
40125,pottawatomie,1991,4,13141,61,1991-04-15,30,365,1,4.66,56.65
40125,pottawatomie,1991,5,13146,79,1991-05-15,31,365,1,6.03,71
40125,pottawatomie,1991,6,13151,78,1991-06-15,30,365,1,5.95,72.44
40125,pottawatomie,1991,7,13157,76,1991-07-15,31,365,1,5.8,68.31
40125,pottawatomie,1991,8,13162,92,1991-08-15,31,365,1,7.02,82.69
40125,pottawatomie,1991,9,13167,80,1991-09-15,30,365,1,6.11,74.3
40125,pottawatomie,1991,10,13173,70,1991-10-15,31,365,1,5.34,62.92
40125,pottawatomie,1991,11,13178,49,1991-11-15,30,365,1,3.74,45.51
40125,pottawatomie,1991,12,13183,60,1991-12-15,31,365,1,4.58,53.93
40125,pottawatomie,1992,1,13189,62,1992-01-15,31,366,1,4.73,55.88
40125,pottawatomie,1992,2,13206,58,1992-02-15,29,366,1,4.43,55.88
40125,pottawatomie,1992,3,13225,77,1992-03-15,31,366,1,5.88,69.4
40125,pottawatomie,1992,4,13243,63,1992-04-15,30,366,1,4.81,58.67
40125,pottawatomie,1992,5,13260,82,1992-05-15,31,366,1,6.26,73.9
40125,pottawatomie,1992,6,13279,70,1992-06-15,30,366,1,5.34,65.19
40125,pottawatomie,1992,7,13297,74,1992-07-15,31,366,1,5.65,66.69
40125,pottawatomie,1992,8,13314,83,1992-08-15,31,366,1,6.34,74.8
40125,pottawatomie,1992,9,13333,61,1992-09-15,30,366,1,4.66,56.81
40125,pottawatomie,1992,10,13351,66,1992-10-15,31,366,1,5.04,59.48
40125,pottawatomie,1992,11,13368,51,1992-11-15,30,366,1,3.89,47.5
40125,pottawatomie,1992,12,13387,71,1992-12-15,31,366,1,5.42,63.99
40125,pottawatomie,1993,1,13405,67,1993-01-15,31,365,1,5.11,60.22
40125,pottawatomie,1993,2,13396,55,1993-02-15,28,365,1,4.2,54.73
40125,pottawatomie,1993,3,13387,73,1993-03-15,31,365,1,5.57,65.61
40125,pottawatomie,1993,4,13378,68,1993-04-15,30,365,1,5.19,63.16
40125,pottawatomie,1993,5,13370,60,1993-05-15,31,365,1,4.58,53.93
40125,pottawatomie,1993,6,13361,65,1993-06-15,30,365,1,4.96,60.37
40125,pottawatomie,1993,7,13352,64,1993-07-15,31,365,1,4.89,57.52
40125,pottawatomie,1993,8,13343,65,1993-08-15,31,365,1,4.96,58.42
40125,pottawatomie,1993,9,13334,80,1993-09-15,30,365,1,6.11,74.3
40125,pottawatomie,1993,10,13326,56,1993-10-15,31,365,1,4.27,50.33
40125,pottawatomie,1993,11,13317,56,1993-11-15,30,365,1,4.27,52.01
40125,pottawatomie,1993,12,13308,72,1993-12-15,31,365,1,5.5,64.71
40125,pottawatomie,1994,1,13300,63,1994-01-15,31,365,1,4.81,56.62
40125,pottawatomie,1994,2,13318,59,1994-02-15,28,365,1,4.5,58.71
40125,pottawatomie,1994,3,13337,69,1994-03-15,31,365,1,5.27,62.02
40125,pottawatomie,1994,4,13356,69,1994-04-15,30,365,1,5.27,64.08
40125,pottawatomie,1994,5,13374,66,1994-05-15,31,365,1,5.04,59.32
40125,pottawatomie,1994,6,13393,58,1994-06-15,30,365,1,4.43,53.87
40125,pottawatomie,1994,7,13412,70,1994-07-15,31,365,1,5.34,62.92
40125,pottawatomie,1994,8,13430,80,1994-08-15,31,365,1,6.11,71.9
40125,pottawatomie,1994,9,13449,82,1994-09-15,30,365,1,6.26,76.16
40125,pottawatomie,1994,10,13468,52,1994-10-15,31,365,1,3.97,46.74
40125,pottawatomie,1994,11,13486,62,1994-11-15,30,365,1,4.73,57.58
40125,pottawatomie,1994,12,13505,54,1994-12-15,31,365,1,4.12,48.53
40125,pottawatomie,1995,1,13524,76,1995-01-15,31,365,1,5.8,68.31
40125,pottawatomie,1995,2,13548,60,1995-02-15,28,365,1,4.58,59.71
40125,pottawatomie,1995,3,13573,77,1995-03-15,31,365,1,5.88,69.21
40125,pottawatomie,1995,4,13598,52,1995-04-15,30,365,1,3.97,48.3
40125,pottawatomie,1995,5,13623,71,1995-05-15,31,365,1,5.42,63.81
40125,pottawatomie,1995,6,13648,82,1995-06-15,30,365,1,6.26,76.16
40125,pottawatomie,1995,7,13673,69,1995-07-15,31,365,1,5.27,62.02
40125,pottawatomie,1995,8,13697,57,1995-08-15,31,365,1,4.35,51.23
40125,pottawatomie,1995,9,13722,69,1995-09-15,30,365,1,5.27,64.08
40125,pottawatomie,1995,10,13747,64,1995-10-15,31,365,1,4.89,57.52
40125,pottawatomie,1995,11,13772,76,1995-11-15,30,365,1,5.8,70.59
40125,pottawatomie,1995,12,13797,58,1995-12-15,31,365,1,4.43,52.13
40125,pottawatomie,1996,1,13822,72,1996-01-15,31,366,1,5.5,64.89
40125,pottawatomie,1996,2,13812,58,1996-02-15,29,366,2,4.43,55.88
40125,pottawatomie,1996,3,13803,61,1996-03-15,31,366,2,4.66,54.98
40125,pottawatomie,1996,4,13794,65,1996-04-15,30,366,2,4.96,60.53
40125,pottawatomie,1996,5,13785,64,1996-05-15,31,366,2,4.89,57.68
40125,pottawatomie,1996,6,13776,67,1996-06-15,30,366,2,5.11,62.4
40125,pottawatomie,1996,7,13767,71,1996-07-15,31,366,2,5.42,63.99
40125,pottawatomie,1996,8,13758,81,1996-08-15,31,366,2,6.18,73
40125,pottawatomie,1996,9,13749,83,1996-09-15,30,366,2,6.34,77.3
40125,pottawatomie,1996,10,13740,70,1996-10-15,31,366,2,5.34,63.09
40125,pottawatomie,1996,11,13731,70,1996-11-15,30,366,2,5.34,65.19
40125,pottawatomie,1996,12,13722,68,1996-12-15,31,366,2,5.19,61.29
40125,pottawatomie,1997,1,13713,74,1997-01-15,31,365,2,5.65,66.51
40125,pottawatomie,1997,2,13746,49,1997-02-15,28,365,2,3.74,48.76
40125,pottawatomie,1997,3,13780,74,1997-03-15,31,365,2,5.65,66.51
40125,pottawatomie,1997,4,13814,75,1997-04-15,30,365,2,5.73,69.66
40125,pottawatomie,1997,5,13848,78,1997-05-15,31,365,2,5.95,70.11
40125,pottawatomie,1997,6,13882,52,1997-06-15,30,365,2,3.97,48.3
40125,pottawatomie,1997,7,13916,86,1997-07-15,31,365,2,6.56,77.3
40125,pottawatomie,1997,8,13949,89,1997-08-15,31,365,2,6.79,79.99
40125,pottawatomie,1997,9,13983,78,1997-09-15,30,365,2,5.95,72.44
40125,pottawatomie,1997,10,14017,71,1997-10-15,31,365,2,5.42,63.81
40125,pottawatomie,1997,11,14051,68,1997-11-15,30,365,2,5.19,63.16
40125,pottawatomie,1997,12,14085,75,1997-12-15,31,365,2,5.73,67.41
40125,pottawatomie,1998,1,14119,69,1998-01-15,31,365,2,5.27,62.02
40125,pottawatomie,1998,2,14125,58,1998-02-15,28,365,2,4.43,57.72
40125,pottawatomie,1998,3,14131,66,1998-03-15,31,365,2,5.04,59.32
40125,pottawatomie,1998,4,14137,75,1998-04-15,30,365,2,5.73,69.66
40125,pottawatomie,1998,5,14143,79,1998-05-15,31,365,2,6.03,71
40125,pottawatomie,1998,6,14149,59,1998-06-15,30,365,2,4.5,54.8
40125,pottawatomie,1998,7,14156,71,1998-07-15,31,365,2,5.42,63.81
40125,pottawatomie,1998,8,14162,70,1998-08-15,31,365,2,5.34,62.92
40125,pottawatomie,1998,9,14168,85,1998-09-15,30,365,2,6.49,78.94
40125,pottawatomie,1998,10,14174,72,1998-10-15,31,365,2,5.5,64.71
40125,pottawatomie,1998,11,14180,83,1998-11-15,30,365,2,6.34,77.09
40125,pottawatomie,1998,12,14186,77,1998-12-15,31,365,2,5.88,69.21
40125,pottawatomie,1999,1,14193,77,1999-01-15,31,365,2,5.88,69.21
40125,pottawatomie,1999,2,14202,57,1999-02-15,28,365,2,4.35,56.72
40125,pottawatomie,1999,3,14212,76,1999-03-15,31,365,2,5.8,68.31
40125,pottawatomie,1999,4,14221,66,1999-04-15,30,365,2,5.04,61.3
40125,pottawatomie,1999,5,14230,73,1999-05-15,31,365,2,5.57,65.61
40125,pottawatomie,1999,6,14240,84,1999-06-15,30,365,2,6.41,78.02
40125,pottawatomie,1999,7,14250,89,1999-07-15,31,365,2,6.79,79.99
40125,pottawatomie,1999,8,14259,81,1999-08-15,31,365,2,6.18,72.8
40125,pottawatomie,1999,9,14269,76,1999-09-15,30,365,2,5.8,70.59
40125,pottawatomie,1999,10,14278,80,1999-10-15,31,365,2,6.11,71.9
40125,pottawatomie,1999,11,14287,73,1999-11-15,30,365,2,5.57,67.8
40125,pottawatomie,1999,12,14297,72,1999-12-15,31,365,2,5.5,64.71
40131,rogers,1990,1,12420,68,1990-01-15,31,365,1,5.48,64.46
40131,rogers,1990,2,12436,56,1990-02-15,28,365,1,4.51,58.78
40131,rogers,1990,3,12452,87,1990-03-15,31,365,1,7,82.48
40131,rogers,1990,4,12468,65,1990-04-15,30,365,1,5.23,63.67
40131,rogers,1990,5,12484,69,1990-05-15,31,365,1,5.56,65.41
40131,rogers,1990,6,12500,76,1990-06-15,30,365,1,6.12,74.45
40131,rogers,1990,7,12517,69,1990-07-15,31,365,1,5.56,65.41
40131,rogers,1990,8,12533,75,1990-08-15,31,365,1,6.04,71.1
40131,rogers,1990,9,12549,73,1990-09-15,30,365,1,5.88,71.51
40131,rogers,1990,10,12565,80,1990-10-15,31,365,1,6.44,75.84
40131,rogers,1990,11,12581,52,1990-11-15,30,365,1,4.19,50.94
40131,rogers,1990,12,12597,65,1990-12-15,31,365,1,5.23,61.62
40131,rogers,1991,1,12614,75,1991-01-15,31,365,1,6.04,71.1
40131,rogers,1991,2,12619,49,1991-02-15,28,365,1,3.95,51.43
40131,rogers,1991,3,12625,62,1991-03-15,31,365,1,4.99,58.78
40131,rogers,1991,4,12631,70,1991-04-15,30,365,1,5.64,68.57
40131,rogers,1991,5,12636,63,1991-05-15,31,365,1,5.07,59.72
40131,rogers,1991,6,12642,70,1991-06-15,30,365,1,5.64,68.57
40131,rogers,1991,7,12648,67,1991-07-15,31,365,1,5.39,63.52
40131,rogers,1991,8,12653,63,1991-08-15,31,365,1,5.07,59.72
40131,rogers,1991,9,12659,70,1991-09-15,30,365,1,5.64,68.57
40131,rogers,1991,10,12665,76,1991-10-15,31,365,1,6.12,72.05
40131,rogers,1991,11,12670,75,1991-11-15,30,365,1,6.04,73.47
40131,rogers,1991,12,12676,68,1991-12-15,31,365,1,5.48,64.46
40131,rogers,1992,1,12682,57,1992-01-15,31,366,1,4.59,54.18
40131,rogers,1992,2,12703,71,1992-02-15,29,366,1,5.72,72.15
40131,rogers,1992,3,12725,56,1992-03-15,31,366,1,4.51,53.23
40131,rogers,1992,4,12746,64,1992-04-15,30,366,1,5.15,62.87
40131,rogers,1992,5,12768,65,1992-05-15,31,366,1,5.23,61.79
40131,rogers,1992,6,12789,74,1992-06-15,30,366,1,5.96,72.69
40131,rogers,1992,7,12811,67,1992-07-15,31,366,1,5.39,63.69
40131,rogers,1992,8,12833,69,1992-08-15,31,366,1,5.56,65.59
40131,rogers,1992,9,12854,70,1992-09-15,30,366,1,5.64,68.76
40131,rogers,1992,10,12876,52,1992-10-15,31,366,1,4.19,49.43
40131,rogers,1992,11,12897,54,1992-11-15,30,366,1,4.35,53.04
40131,rogers,1992,12,12919,75,1992-12-15,31,366,1,6.04,71.29
40131,rogers,1993,1,12941,73,1993-01-15,31,365,1,5.88,69.2
40131,rogers,1993,2,12946,66,1993-02-15,28,365,1,5.31,69.27
40131,rogers,1993,3,12952,63,1993-03-15,31,365,1,5.07,59.72
40131,rogers,1993,4,12958,68,1993-04-15,30,365,1,5.48,66.61
40131,rogers,1993,5,12963,64,1993-05-15,31,365,1,5.15,60.67
40131,rogers,1993,6,12969,79,1993-06-15,30,365,1,6.36,77.39
40131,rogers,1993,7,12975,55,1993-07-15,31,365,1,4.43,52.14
40131,rogers,1993,8,12981,78,1993-08-15,31,365,1,6.28,73.94
40131,rogers,1993,9,12987,69,1993-09-15,30,365,1,5.56,67.59
40131,rogers,1993,10,12992,64,1993-10-15,31,365,1,5.15,60.67
40131,rogers,1993,11,12998,54,1993-11-15,30,365,1,4.35,52.9
40131,rogers,1993,12,13004,76,1993-12-15,31,365,1,6.12,72.05
40131,rogers,1994,1,13010,61,1994-01-15,31,365,1,4.91,57.83
40131,rogers,1994,2,13024,54,1994-02-15,28,365,1,4.35,56.68
40131,rogers,1994,3,13039,74,1994-03-15,31,365,1,5.96,70.15
40131,rogers,1994,4,13053,56,1994-04-15,30,365,1,4.51,54.86
40131,rogers,1994,5,13067,63,1994-05-15,31,365,1,5.07,59.72
40131,rogers,1994,6,13082,64,1994-06-15,30,365,1,5.15,62.69
40131,rogers,1994,7,13097,69,1994-07-15,31,365,1,5.56,65.41
40131,rogers,1994,8,13111,88,1994-08-15,31,365,1,7.09,83.42
40131,rogers,1994,9,13126,70,1994-09-15,30,365,1,5.64,68.57
40131,rogers,1994,10,13140,58,1994-10-15,31,365,1,4.67,54.98
40131,rogers,1994,11,13154,79,1994-11-15,30,365,1,6.36,77.39
40131,rogers,1994,12,13169,64,1994-12-15,31,365,1,5.15,60.67
40131,rogers,1995,1,13184,67,1995-01-15,31,365,1,5.39,63.52
40131,rogers,1995,2,13205,60,1995-02-15,28,365,1,4.83,62.97
40131,rogers,1995,3,13227,69,1995-03-15,31,365,1,5.56,65.41
40131,rogers,1995,4,13249,72,1995-04-15,30,365,1,5.8,70.53
40131,rogers,1995,5,13270,61,1995-05-15,31,365,1,4.91,57.83
40131,rogers,1995,6,13292,78,1995-06-15,30,365,1,6.28,76.41
40131,rogers,1995,7,13314,70,1995-07-15,31,365,1,5.64,66.36
40131,rogers,1995,8,13336,94,1995-08-15,31,365,1,7.57,89.11
40131,rogers,1995,9,13358,85,1995-09-15,30,365,1,6.84,83.27
40131,rogers,1995,10,13379,65,1995-10-15,31,365,1,5.23,61.62
40131,rogers,1995,11,13401,70,1995-11-15,30,365,1,5.64,68.57
40131,rogers,1995,12,13423,65,1995-12-15,31,365,1,5.23,61.62
40131,rogers,1996,1,13445,60,1996-01-15,31,366,1,4.83,57.04
40131,rogers,1996,2,13471,71,1996-02-15,29,366,2,5.72,72.15
40131,rogers,1996,3,13498,73,1996-03-15,31,366,2,5.88,69.39
40131,rogers,1996,4,13525,61,1996-04-15,30,366,2,4.91,59.92
40131,rogers,1996,5,13551,70,1996-05-15,31,366,2,5.64,66.54
40131,rogers,1996,6,13578,66,1996-06-15,30,366,2,5.31,64.83
40131,rogers,1996,7,13605,70,1996-07-15,31,366,2,5.64,66.54
40131,rogers,1996,8,13632,66,1996-08-15,31,366,2,5.31,62.74
40131,rogers,1996,9,13659,71,1996-09-15,30,366,2,5.72,69.74
40131,rogers,1996,10,13685,72,1996-10-15,31,366,2,5.8,68.44
40131,rogers,1996,11,13712,74,1996-11-15,30,366,2,5.96,72.69
40131,rogers,1996,12,13739,64,1996-12-15,31,366,2,5.15,60.84
40131,rogers,1997,1,13766,62,1997-01-15,31,365,2,4.99,58.78
40131,rogers,1997,2,13795,61,1997-02-15,28,365,2,4.91,64.02
40131,rogers,1997,3,13825,78,1997-03-15,31,365,2,6.28,73.94
40131,rogers,1997,4,13855,74,1997-04-15,30,365,2,5.96,72.49
40131,rogers,1997,5,13885,66,1997-05-15,31,365,2,5.31,62.57
40131,rogers,1997,6,13915,73,1997-06-15,30,365,2,5.88,71.51
40131,rogers,1997,7,13945,69,1997-07-15,31,365,2,5.56,65.41
40131,rogers,1997,8,13974,65,1997-08-15,31,365,2,5.23,61.62
40131,rogers,1997,9,14004,67,1997-09-15,30,365,2,5.39,65.63
40131,rogers,1997,10,14034,78,1997-10-15,31,365,2,6.28,73.94
40131,rogers,1997,11,14064,63,1997-11-15,30,365,2,5.07,61.71
40131,rogers,1997,12,14094,76,1997-12-15,31,365,2,6.12,72.05
40131,rogers,1998,1,14124,67,1998-01-15,31,365,2,5.39,63.52
40131,rogers,1998,2,14154,77,1998-02-15,28,365,2,6.2,80.82
40131,rogers,1998,3,14185,73,1998-03-15,31,365,2,5.88,69.2
40131,rogers,1998,4,14215,72,1998-04-15,30,365,2,5.8,70.53
40131,rogers,1998,5,14246,71,1998-05-15,31,365,2,5.72,67.31
40131,rogers,1998,6,14276,76,1998-06-15,30,365,2,6.12,74.45
40131,rogers,1998,7,14307,82,1998-07-15,31,365,2,6.6,77.74
40131,rogers,1998,8,14338,77,1998-08-15,31,365,2,6.2,73
40131,rogers,1998,9,14368,71,1998-09-15,30,365,2,5.72,69.55
40131,rogers,1998,10,14399,62,1998-10-15,31,365,2,4.99,58.78
40131,rogers,1998,11,14429,78,1998-11-15,30,365,2,6.28,76.41
40131,rogers,1998,12,14460,56,1998-12-15,31,365,2,4.51,53.09
40131,rogers,1999,1,14491,61,1999-01-15,31,365,2,4.91,57.83
40131,rogers,1999,2,14528,68,1999-02-15,28,365,2,5.48,71.37
40131,rogers,1999,3,14566,76,1999-03-15,31,365,2,6.12,72.05
40131,rogers,1999,4,14603,68,1999-04-15,30,365,2,5.48,66.61
40131,rogers,1999,5,14641,57,1999-05-15,31,365,2,4.59,54.04
40131,rogers,1999,6,14678,56,1999-06-15,30,365,2,4.51,54.86
40131,rogers,1999,7,14716,88,1999-07-15,31,365,2,7.09,83.42
40131,rogers,1999,8,14754,77,1999-08-15,31,365,2,6.2,73
40131,rogers,1999,9,14791,91,1999-09-15,30,365,2,7.33,89.14
40131,rogers,1999,10,14829,81,1999-10-15,31,365,2,6.52,76.79
40131,rogers,1999,11,14866,74,1999-11-15,30,365,2,5.96,72.49
40131,rogers,1999,12,14904,82,1999-12-15,31,365,2,6.6,77.74
40143,tulsa,1990,1,121624,737,1990-01-15,31,365,1,6.06,71.35
40143,tulsa,1990,2,121760,673,1990-02-15,28,365,1,5.53,72.13
40143,tulsa,1990,3,121896,779,1990-03-15,31,365,1,6.4,75.41
40143,tulsa,1990,4,122032,717,1990-04-15,30,365,1,5.9,71.73
40143,tulsa,1990,5,122168,712,1990-05-15,31,365,1,5.85,68.93
40143,tulsa,1990,6,122304,745,1990-06-15,30,365,1,6.13,74.53
40143,tulsa,1990,7,122441,777,1990-07-15,31,365,1,6.39,75.22
40143,tulsa,1990,8,122577,813,1990-08-15,31,365,1,6.68,78.71
40143,tulsa,1990,9,122713,742,1990-09-15,30,365,1,6.1,74.23
40143,tulsa,1990,10,122849,766,1990-10-15,31,365,1,6.3,74.16
40143,tulsa,1990,11,122985,705,1990-11-15,30,365,1,5.8,70.52
40143,tulsa,1990,12,123121,697,1990-12-15,31,365,1,5.73,67.48
40143,tulsa,1991,1,123258,704,1991-01-15,31,365,1,5.79,68.15
40143,tulsa,1991,2,123280,686,1991-02-15,28,365,1,5.64,73.53
40143,tulsa,1991,3,123302,722,1991-03-15,31,365,1,5.94,69.9
40143,tulsa,1991,4,123324,693,1991-04-15,30,365,1,5.7,69.32
40143,tulsa,1991,5,123346,722,1991-05-15,31,365,1,5.94,69.9
40143,tulsa,1991,6,123368,722,1991-06-15,30,365,1,5.94,72.23
40143,tulsa,1991,7,123391,827,1991-07-15,31,365,1,6.8,80.06
40143,tulsa,1991,8,123413,755,1991-08-15,31,365,1,6.21,73.09
40143,tulsa,1991,9,123435,824,1991-09-15,30,365,1,6.77,82.43
40143,tulsa,1991,10,123457,806,1991-10-15,31,365,1,6.63,78.03
40143,tulsa,1991,11,123479,717,1991-11-15,30,365,1,5.9,71.73
40143,tulsa,1991,12,123501,742,1991-12-15,31,365,1,6.1,71.83
40143,tulsa,1992,1,123524,683,1992-01-15,31,366,1,5.62,66.3
40143,tulsa,1992,2,123517,697,1992-02-15,29,366,1,5.73,72.33
40143,tulsa,1992,3,123511,728,1992-03-15,31,366,1,5.99,70.67
40143,tulsa,1992,4,123505,688,1992-04-15,30,366,1,5.66,69.01
40143,tulsa,1992,5,123498,708,1992-05-15,31,366,1,5.82,68.73
40143,tulsa,1992,6,123492,735,1992-06-15,30,366,1,6.04,73.73
40143,tulsa,1992,7,123486,788,1992-07-15,31,366,1,6.48,76.49
40143,tulsa,1992,8,123479,752,1992-08-15,31,366,1,6.18,73
40143,tulsa,1992,9,123473,734,1992-09-15,30,366,1,6.03,73.63
40143,tulsa,1992,10,123467,725,1992-10-15,31,366,1,5.96,70.38
40143,tulsa,1992,11,123460,670,1992-11-15,30,366,1,5.51,67.21
40143,tulsa,1992,12,123454,664,1992-12-15,31,366,1,5.46,64.46
40143,tulsa,1993,1,123448,661,1993-01-15,31,365,1,5.43,63.99
40143,tulsa,1993,2,123407,658,1993-02-15,28,365,1,5.41,70.52
40143,tulsa,1993,3,123367,756,1993-03-15,31,365,1,6.22,73.19
40143,tulsa,1993,4,123327,718,1993-04-15,30,365,1,5.9,71.83
40143,tulsa,1993,5,123287,710,1993-05-15,31,365,1,5.84,68.73
40143,tulsa,1993,6,123246,750,1993-06-15,30,365,1,6.17,75.03
40143,tulsa,1993,7,123206,734,1993-07-15,31,365,1,6.03,71.06
40143,tulsa,1993,8,123166,708,1993-08-15,31,365,1,5.82,68.54
40143,tulsa,1993,9,123125,781,1993-09-15,30,365,1,6.42,78.13
40143,tulsa,1993,10,123085,722,1993-10-15,31,365,1,5.94,69.9
40143,tulsa,1993,11,123045,688,1993-11-15,30,365,1,5.66,68.82
40143,tulsa,1993,12,123005,749,1993-12-15,31,365,1,6.16,72.51
40143,tulsa,1994,1,122965,681,1994-01-15,31,365,1,5.6,65.93
40143,tulsa,1994,2,122917,641,1994-02-15,28,365,1,5.27,68.7
40143,tulsa,1994,3,122869,721,1994-03-15,31,365,1,5.93,69.8
40143,tulsa,1994,4,122822,680,1994-04-15,30,365,1,5.59,68.02
40143,tulsa,1994,5,122775,675,1994-05-15,31,365,1,5.55,65.35
40143,tulsa,1994,6,122727,688,1994-06-15,30,365,1,5.66,68.82
40143,tulsa,1994,7,122680,674,1994-07-15,31,365,1,5.54,65.25
40143,tulsa,1994,8,122632,752,1994-08-15,31,365,1,6.18,72.8
40143,tulsa,1994,9,122584,715,1994-09-15,30,365,1,5.88,71.53
40143,tulsa,1994,10,122537,707,1994-10-15,31,365,1,5.81,68.44
40143,tulsa,1994,11,122490,595,1994-11-15,30,365,1,4.89,59.52
40143,tulsa,1994,12,122442,686,1994-12-15,31,365,1,5.64,66.41
40143,tulsa,1995,1,122395,691,1995-01-15,31,365,1,5.68,66.89
40143,tulsa,1995,2,122467,641,1995-02-15,28,365,1,5.27,68.7
40143,tulsa,1995,3,122540,665,1995-03-15,31,365,1,5.47,64.38
40143,tulsa,1995,4,122613,673,1995-04-15,30,365,1,5.53,67.32
40143,tulsa,1995,5,122685,676,1995-05-15,31,365,1,5.56,65.44
40143,tulsa,1995,6,122758,651,1995-06-15,30,365,1,5.35,65.12
40143,tulsa,1995,7,122831,674,1995-07-15,31,365,1,5.54,65.25
40143,tulsa,1995,8,122903,715,1995-08-15,31,365,1,5.88,69.22
40143,tulsa,1995,9,122976,693,1995-09-15,30,365,1,5.7,69.32
40143,tulsa,1995,10,123049,675,1995-10-15,31,365,1,5.55,65.35
40143,tulsa,1995,11,123121,692,1995-11-15,30,365,1,5.69,69.22
40143,tulsa,1995,12,123194,622,1995-12-15,31,365,1,5.11,60.21
40143,tulsa,1996,1,123267,667,1996-01-15,31,366,1,5.48,64.75
40143,tulsa,1996,2,123352,628,1996-02-15,29,366,2,5.16,65.17
40143,tulsa,1996,3,123438,656,1996-03-15,31,366,2,5.39,63.68
40143,tulsa,1996,4,123524,656,1996-04-15,30,366,2,5.39,65.8
40143,tulsa,1996,5,123610,632,1996-05-15,31,366,2,5.2,61.35
40143,tulsa,1996,6,123696,619,1996-06-15,30,366,2,5.09,62.09
40143,tulsa,1996,7,123782,749,1996-07-15,31,366,2,6.16,72.71
40143,tulsa,1996,8,123867,767,1996-08-15,31,366,2,6.31,74.46
40143,tulsa,1996,9,123953,749,1996-09-15,30,366,2,6.16,75.13
40143,tulsa,1996,10,124039,725,1996-10-15,31,366,2,5.96,70.38
40143,tulsa,1996,11,124125,630,1996-11-15,30,366,2,5.18,63.19
40143,tulsa,1996,12,124211,688,1996-12-15,31,366,2,5.66,66.79
40143,tulsa,1997,1,124297,695,1997-01-15,31,365,2,5.71,67.28
40143,tulsa,1997,2,124376,665,1997-02-15,28,365,2,5.47,71.27
40143,tulsa,1997,3,124455,699,1997-03-15,31,365,2,5.75,67.67
40143,tulsa,1997,4,124534,670,1997-04-15,30,365,2,5.51,67.02
40143,tulsa,1997,5,124613,679,1997-05-15,31,365,2,5.58,65.73
40143,tulsa,1997,6,124692,732,1997-06-15,30,365,2,6.02,73.23
40143,tulsa,1997,7,124771,796,1997-07-15,31,365,2,6.54,77.06
40143,tulsa,1997,8,124850,769,1997-08-15,31,365,2,6.32,74.45
40143,tulsa,1997,9,124929,776,1997-09-15,30,365,2,6.38,77.63
40143,tulsa,1997,10,125008,740,1997-10-15,31,365,2,6.08,71.64
40143,tulsa,1997,11,125087,750,1997-11-15,30,365,2,6.17,75.03
40143,tulsa,1997,12,125166,753,1997-12-15,31,365,2,6.19,72.9
40143,tulsa,1998,1,125246,774,1998-01-15,31,365,2,6.36,74.93
40143,tulsa,1998,2,125314,675,1998-02-15,28,365,2,5.55,72.35
40143,tulsa,1998,3,125382,733,1998-03-15,31,365,2,6.03,70.96
40143,tulsa,1998,4,125450,737,1998-04-15,30,365,2,6.06,73.73
40143,tulsa,1998,5,125518,778,1998-05-15,31,365,2,6.4,75.32
40143,tulsa,1998,6,125587,720,1998-06-15,30,365,2,5.92,72.03
40143,tulsa,1998,7,125655,788,1998-07-15,31,365,2,6.48,76.28
40143,tulsa,1998,8,125723,844,1998-08-15,31,365,2,6.94,81.71
40143,tulsa,1998,9,125792,793,1998-09-15,30,365,2,6.52,79.33
40143,tulsa,1998,10,125860,747,1998-10-15,31,365,2,6.14,72.32
40143,tulsa,1998,11,125928,749,1998-11-15,30,365,2,6.16,74.93
40143,tulsa,1998,12,125996,799,1998-12-15,31,365,2,6.57,77.35
40143,tulsa,1999,1,126065,748,1999-01-15,31,365,2,6.15,72.41
40143,tulsa,1999,2,126012,709,1999-02-15,28,365,2,5.83,75.99
40143,tulsa,1999,3,125959,779,1999-03-15,31,365,2,6.4,75.41
40143,tulsa,1999,4,125907,703,1999-04-15,30,365,2,5.78,70.32
40143,tulsa,1999,5,125854,721,1999-05-15,31,365,2,5.93,69.8
40143,tulsa,1999,6,125801,768,1999-06-15,30,365,2,6.31,76.83
40143,tulsa,1999,7,125749,795,1999-07-15,31,365,2,6.54,76.96
40143,tulsa,1999,8,125696,841,1999-08-15,31,365,2,6.91,81.42
40143,tulsa,1999,9,125643,819,1999-09-15,30,365,2,6.73,81.93
40143,tulsa,1999,10,125591,820,1999-10-15,31,365,2,6.74,79.38
40143,tulsa,1999,11,125538,721,1999-11-15,30,365,2,5.93,72.13
40143,tulsa,1999,12,125485,761,1999-12-15,31,365,2,6.26,73.67
40145,wagoner,1990,1,11095,45,1990-01-15,31,365,1,4.06,47.75
40145,wagoner,1990,2,11100,38,1990-02-15,28,365,1,3.42,44.65
40145,wagoner,1990,3,11107,41,1990-03-15,31,365,1,3.7,43.51
40145,wagoner,1990,4,11113,34,1990-04-15,30,365,1,3.06,37.28
40145,wagoner,1990,5,11118,45,1990-05-15,31,365,1,4.06,47.75
40145,wagoner,1990,6,11125,52,1990-06-15,30,365,1,4.69,57.02
40145,wagoner,1990,7,11131,58,1990-07-15,31,365,1,5.23,61.55
40145,wagoner,1990,8,11136,54,1990-08-15,31,365,1,4.87,57.31
40145,wagoner,1990,9,11143,59,1990-09-15,30,365,1,5.32,64.7
40145,wagoner,1990,10,11149,60,1990-10-15,31,365,1,5.41,63.67
40145,wagoner,1990,11,11154,48,1990-11-15,30,365,1,4.33,52.64
40145,wagoner,1990,12,11161,60,1990-12-15,31,365,1,5.41,63.67
40145,wagoner,1991,1,11167,66,1991-01-15,31,365,1,5.95,70.04
40145,wagoner,1991,2,11166,60,1991-02-15,28,365,1,5.41,70.5
40145,wagoner,1991,3,11165,56,1991-03-15,31,365,1,5.05,59.43
40145,wagoner,1991,4,11164,54,1991-04-15,30,365,1,4.87,59.22
40145,wagoner,1991,5,11163,53,1991-05-15,31,365,1,4.78,56.24
40145,wagoner,1991,6,11162,52,1991-06-15,30,365,1,4.69,57.02
40145,wagoner,1991,7,11162,65,1991-07-15,31,365,1,5.86,68.98
40145,wagoner,1991,8,11161,61,1991-08-15,31,365,1,5.5,64.73
40145,wagoner,1991,9,11160,49,1991-09-15,30,365,1,4.42,53.73
40145,wagoner,1991,10,11159,74,1991-10-15,31,365,1,6.67,78.53
40145,wagoner,1991,11,11158,45,1991-11-15,30,365,1,4.06,49.35
40145,wagoner,1991,12,11157,61,1991-12-15,31,365,1,5.5,64.73
40145,wagoner,1992,1,11157,55,1992-01-15,31,366,1,4.96,58.53
40145,wagoner,1992,2,11171,53,1992-02-15,29,366,1,4.78,60.29
40145,wagoner,1992,3,11187,43,1992-03-15,31,366,1,3.88,45.76
40145,wagoner,1992,4,11202,48,1992-04-15,30,366,1,4.33,52.78
40145,wagoner,1992,5,11216,60,1992-05-15,31,366,1,5.41,63.85
40145,wagoner,1992,6,11232,54,1992-06-15,30,366,1,4.87,59.38
40145,wagoner,1992,7,11247,54,1992-07-15,31,366,1,4.87,57.46
40145,wagoner,1992,8,11261,61,1992-08-15,31,366,1,5.5,64.91
40145,wagoner,1992,9,11277,45,1992-09-15,30,366,1,4.06,49.48
40145,wagoner,1992,10,11292,67,1992-10-15,31,366,1,6.04,71.3
40145,wagoner,1992,11,11306,57,1992-11-15,30,366,1,5.14,62.68
40145,wagoner,1992,12,11322,51,1992-12-15,31,366,1,4.6,54.27
40145,wagoner,1993,1,11337,36,1993-01-15,31,365,1,3.24,38.2
40145,wagoner,1993,2,11344,48,1993-02-15,28,365,1,4.33,56.4
40145,wagoner,1993,3,11352,55,1993-03-15,31,365,1,4.96,58.37
40145,wagoner,1993,4,11360,61,1993-04-15,30,365,1,5.5,66.89
40145,wagoner,1993,5,11367,51,1993-05-15,31,365,1,4.6,54.12
40145,wagoner,1993,6,11375,43,1993-06-15,30,365,1,3.88,47.15
40145,wagoner,1993,7,11383,50,1993-07-15,31,365,1,4.51,53.06
40145,wagoner,1993,8,11390,61,1993-08-15,31,365,1,5.5,64.73
40145,wagoner,1993,9,11398,55,1993-09-15,30,365,1,4.96,60.31
40145,wagoner,1993,10,11406,54,1993-10-15,31,365,1,4.87,57.31
40145,wagoner,1993,11,11413,59,1993-11-15,30,365,1,5.32,64.7
40145,wagoner,1993,12,11421,58,1993-12-15,31,365,1,5.23,61.55
40145,wagoner,1994,1,11429,49,1994-01-15,31,365,1,4.42,52
40145,wagoner,1994,2,11437,47,1994-02-15,28,365,1,4.24,55.22
40145,wagoner,1994,3,11445,51,1994-03-15,31,365,1,4.6,54.12
40145,wagoner,1994,4,11454,49,1994-04-15,30,365,1,4.42,53.73
40145,wagoner,1994,5,11462,64,1994-05-15,31,365,1,5.77,67.92
40145,wagoner,1994,6,11471,63,1994-06-15,30,365,1,5.68,69.09
40145,wagoner,1994,7,11479,55,1994-07-15,31,365,1,4.96,58.37
40145,wagoner,1994,8,11487,60,1994-08-15,31,365,1,5.41,63.67
40145,wagoner,1994,9,11496,63,1994-09-15,30,365,1,5.68,69.09
40145,wagoner,1994,10,11504,45,1994-10-15,31,365,1,4.06,47.75
40145,wagoner,1994,11,11513,51,1994-11-15,30,365,1,4.6,55.93
40145,wagoner,1994,12,11521,50,1994-12-15,31,365,1,4.51,53.06
40145,wagoner,1995,1,11530,49,1995-01-15,31,365,1,4.42,52
40145,wagoner,1995,2,11547,43,1995-02-15,28,365,1,3.88,50.52
40145,wagoner,1995,3,11565,59,1995-03-15,31,365,1,5.32,62.61
40145,wagoner,1995,4,11583,48,1995-04-15,30,365,1,4.33,52.64
40145,wagoner,1995,5,11600,51,1995-05-15,31,365,1,4.6,54.12
40145,wagoner,1995,6,11618,67,1995-06-15,30,365,1,6.04,73.47
40145,wagoner,1995,7,11636,59,1995-07-15,31,365,1,5.32,62.61
40145,wagoner,1995,8,11654,63,1995-08-15,31,365,1,5.68,66.86
40145,wagoner,1995,9,11672,54,1995-09-15,30,365,1,4.87,59.22
40145,wagoner,1995,10,11689,73,1995-10-15,31,365,1,6.58,77.47
40145,wagoner,1995,11,11707,42,1995-11-15,30,365,1,3.79,46.06
40145,wagoner,1995,12,11725,56,1995-12-15,31,365,1,5.05,59.43
40145,wagoner,1996,1,11743,51,1996-01-15,31,366,1,4.6,54.27
40145,wagoner,1996,2,11751,30,1996-02-15,29,366,2,2.7,34.13
40145,wagoner,1996,3,11761,55,1996-03-15,31,366,2,4.96,58.53
40145,wagoner,1996,4,11770,56,1996-04-15,30,366,2,5.05,61.58
40145,wagoner,1996,5,11778,49,1996-05-15,31,366,2,4.42,52.14
40145,wagoner,1996,6,11788,57,1996-06-15,30,366,2,5.14,62.68
40145,wagoner,1996,7,11797,59,1996-07-15,31,366,2,5.32,62.78
40145,wagoner,1996,8,11805,67,1996-08-15,31,366,2,6.04,71.3
40145,wagoner,1996,9,11815,60,1996-09-15,30,366,2,5.41,65.98
40145,wagoner,1996,10,11824,56,1996-10-15,31,366,2,5.05,59.59
40145,wagoner,1996,11,11832,39,1996-11-15,30,366,2,3.52,42.88
40145,wagoner,1996,12,11842,54,1996-12-15,31,366,2,4.87,57.46
40145,wagoner,1997,1,11851,54,1997-01-15,31,365,2,4.87,57.31
40145,wagoner,1997,2,11861,56,1997-02-15,28,365,2,5.05,65.8
40145,wagoner,1997,3,11872,47,1997-03-15,31,365,2,4.24,49.88
40145,wagoner,1997,4,11883,57,1997-04-15,30,365,2,5.14,62.51
40145,wagoner,1997,5,11894,56,1997-05-15,31,365,2,5.05,59.43
40145,wagoner,1997,6,11905,50,1997-06-15,30,365,2,4.51,54.83
40145,wagoner,1997,7,11916,54,1997-07-15,31,365,2,4.87,57.31
40145,wagoner,1997,8,11927,68,1997-08-15,31,365,2,6.13,72.16
40145,wagoner,1997,9,11938,68,1997-09-15,30,365,2,6.13,74.57
40145,wagoner,1997,10,11949,45,1997-10-15,31,365,2,4.06,47.75
40145,wagoner,1997,11,11960,44,1997-11-15,30,365,2,3.97,48.25
40145,wagoner,1997,12,11971,56,1997-12-15,31,365,2,5.05,59.43
40145,wagoner,1998,1,11982,58,1998-01-15,31,365,2,5.23,61.55
40145,wagoner,1998,2,11987,63,1998-02-15,28,365,2,5.68,74.02
40145,wagoner,1998,3,11994,46,1998-03-15,31,365,2,4.15,48.82
40145,wagoner,1998,4,12000,53,1998-04-15,30,365,2,4.78,58.12
40145,wagoner,1998,5,12005,69,1998-05-15,31,365,2,6.22,73.22
40145,wagoner,1998,6,12012,59,1998-06-15,30,365,2,5.32,64.7
40145,wagoner,1998,7,12018,67,1998-07-15,31,365,2,6.04,71.1
40145,wagoner,1998,8,12023,64,1998-08-15,31,365,2,5.77,67.92
40145,wagoner,1998,9,12030,52,1998-09-15,30,365,2,4.69,57.02
40145,wagoner,1998,10,12036,51,1998-10-15,31,365,2,4.6,54.12
40145,wagoner,1998,11,12041,56,1998-11-15,30,365,2,5.05,61.41
40145,wagoner,1998,12,12048,49,1998-12-15,31,365,2,4.42,52
40145,wagoner,1999,1,12054,77,1999-01-15,31,365,2,6.94,81.71
40145,wagoner,1999,2,12056,49,1999-02-15,28,365,2,4.42,57.57
40145,wagoner,1999,3,12059,50,1999-03-15,31,365,2,4.51,53.06
40145,wagoner,1999,4,12062,42,1999-04-15,30,365,2,3.79,46.06
40145,wagoner,1999,5,12064,49,1999-05-15,31,365,2,4.42,52
40145,wagoner,1999,6,12067,69,1999-06-15,30,365,2,6.22,75.66
40145,wagoner,1999,7,12070,71,1999-07-15,31,365,2,6.4,75.35
40145,wagoner,1999,8,12073,61,1999-08-15,31,365,2,5.5,64.73
40145,wagoner,1999,9,12076,60,1999-09-15,30,365,2,5.41,65.8
40145,wagoner,1999,10,12078,58,1999-10-15,31,365,2,5.23,61.55
40145,wagoner,1999,11,12081,52,1999-11-15,30,365,2,4.69,57.02
40145,wagoner,1999,12,12084,58,1999-12-15,31,365,2,5.23,61.55
