"Fips","CountyName","Year","Month","Population"
40017,"CANADIAN",1990,1,17609
40017,"CANADIAN",1990,2,17623.4166666667
40017,"CANADIAN",1990,3,17637.8333333333
40017,"CANADIAN",1990,4,17652.25
40017,"CANADIAN",1990,5,17666.6666666667
40017,"CANADIAN",1990,6,17681.0833333333
40017,"CANADIAN",1990,7,17695.5
40017,"CANADIAN",1990,8,17709.9166666667
40017,"CANADIAN",1990,9,17724.3333333333
40017,"CANADIAN",1990,10,17738.75
40017,"CANADIAN",1990,11,17753.1666666667
40017,"CANADIAN",1990,12,17767.5833333333
40017,"CANADIAN",1991,1,17782
40017,"CANADIAN",1991,2,17783.8333333333
40017,"CANADIAN",1991,3,17785.6666666667
40017,"CANADIAN",1991,4,17787.5
40017,"CANADIAN",1991,5,17789.3333333333
40017,"CANADIAN",1991,6,17791.1666666667
40017,"CANADIAN",1991,7,17793
40017,"CANADIAN",1991,8,17794.8333333333
40017,"CANADIAN",1991,9,17796.6666666667
40017,"CANADIAN",1991,10,17798.5
40017,"CANADIAN",1991,11,17800.3333333333
40017,"CANADIAN",1991,12,17802.1666666667
40017,"CANADIAN",1992,1,17804
40017,"CANADIAN",1992,2,17820.3333333333
40017,"CANADIAN",1992,3,17836.6666666667
40017,"CANADIAN",1992,4,17853
40017,"CANADIAN",1992,5,17869.3333333333
40017,"CANADIAN",1992,6,17885.6666666667
40017,"CANADIAN",1992,7,17902
40017,"CANADIAN",1992,8,17918.3333333333
40017,"CANADIAN",1992,9,17934.6666666667
40017,"CANADIAN",1992,10,17951
40017,"CANADIAN",1992,11,17967.3333333333
40017,"CANADIAN",1992,12,17983.6666666667
40017,"CANADIAN",1993,1,18000
40017,"CANADIAN",1993,2,18012.4166666667
40017,"CANADIAN",1993,3,18024.8333333333
40017,"CANADIAN",1993,4,18037.25
40017,"CANADIAN",1993,5,18049.6666666667
40017,"CANADIAN",1993,6,18062.0833333333
40017,"CANADIAN",1993,7,18074.5
40017,"CANADIAN",1993,8,18086.9166666667
40017,"CANADIAN",1993,9,18099.3333333333
40017,"CANADIAN",1993,10,18111.75
40017,"CANADIAN",1993,11,18124.1666666667
40017,"CANADIAN",1993,12,18136.5833333333
40017,"CANADIAN",1994,1,18149
40017,"CANADIAN",1994,2,18163.3333333333
40017,"CANADIAN",1994,3,18177.6666666667
40017,"CANADIAN",1994,4,18192
40017,"CANADIAN",1994,5,18206.3333333333
40017,"CANADIAN",1994,6,18220.6666666667
40017,"CANADIAN",1994,7,18235
40017,"CANADIAN",1994,8,18249.3333333333
40017,"CANADIAN",1994,9,18263.6666666667
40017,"CANADIAN",1994,10,18278
40017,"CANADIAN",1994,11,18292.3333333333
40017,"CANADIAN",1994,12,18306.6666666667
40017,"CANADIAN",1995,1,18321
40017,"CANADIAN",1995,2,18344.9166666666
40017,"CANADIAN",1995,3,18368.8333333334
40017,"CANADIAN",1995,4,18392.75
40017,"CANADIAN",1995,5,18416.6666666666
40017,"CANADIAN",1995,6,18440.5833333334
40017,"CANADIAN",1995,7,18464.5
40017,"CANADIAN",1995,8,18488.4166666666
40017,"CANADIAN",1995,9,18512.3333333334
40017,"CANADIAN",1995,10,18536.25
40017,"CANADIAN",1995,11,18560.1666666666
40017,"CANADIAN",1995,12,18584.0833333334
40017,"CANADIAN",1996,1,18608
40017,"CANADIAN",1996,2,18619.5833333333
40017,"CANADIAN",1996,3,18631.1666666667
40017,"CANADIAN",1996,4,18642.75
40017,"CANADIAN",1996,5,18654.3333333333
40017,"CANADIAN",1996,6,18665.9166666667
40017,"CANADIAN",1996,7,18677.5
40017,"CANADIAN",1996,8,18689.0833333333
40017,"CANADIAN",1996,9,18700.6666666667
40017,"CANADIAN",1996,10,18712.25
40017,"CANADIAN",1996,11,18723.8333333333
40017,"CANADIAN",1996,12,18735.4166666667
40017,"CANADIAN",1997,1,18747
40017,"CANADIAN",1997,2,18751.0833333333
40017,"CANADIAN",1997,3,18755.1666666667
40017,"CANADIAN",1997,4,18759.25
40017,"CANADIAN",1997,5,18763.3333333333
40017,"CANADIAN",1997,6,18767.4166666667
40017,"CANADIAN",1997,7,18771.5
40017,"CANADIAN",1997,8,18775.5833333333
40017,"CANADIAN",1997,9,18779.6666666667
40017,"CANADIAN",1997,10,18783.75
40017,"CANADIAN",1997,11,18787.8333333333
40017,"CANADIAN",1997,12,18791.9166666667
40017,"CANADIAN",1998,1,18796
40017,"CANADIAN",1998,2,18800
40017,"CANADIAN",1998,3,18804
40017,"CANADIAN",1998,4,18808
40017,"CANADIAN",1998,5,18812
40017,"CANADIAN",1998,6,18816
40017,"CANADIAN",1998,7,18820
40017,"CANADIAN",1998,8,18824
40017,"CANADIAN",1998,9,18828
40017,"CANADIAN",1998,10,18832
40017,"CANADIAN",1998,11,18836
40017,"CANADIAN",1998,12,18840
40017,"CANADIAN",1999,1,18844
40017,"CANADIAN",1999,2,18862.1666666666
40017,"CANADIAN",1999,3,18880.3333333334
40017,"CANADIAN",1999,4,18898.5
40017,"CANADIAN",1999,5,18916.6666666666
40017,"CANADIAN",1999,6,18934.8333333334
40017,"CANADIAN",1999,7,18953
40017,"CANADIAN",1999,8,18971.1666666666
40017,"CANADIAN",1999,9,18989.3333333334
40017,"CANADIAN",1999,10,19007.5
40017,"CANADIAN",1999,11,19025.6666666666
40017,"CANADIAN",1999,12,19043.8333333334
40027,"CLEVELAND",1990,1,46429
40027,"CLEVELAND",1990,2,46477.4166666666
40027,"CLEVELAND",1990,3,46525.8333333334
40027,"CLEVELAND",1990,4,46574.25
40027,"CLEVELAND",1990,5,46622.6666666666
40027,"CLEVELAND",1990,6,46671.0833333334
40027,"CLEVELAND",1990,7,46719.5
40027,"CLEVELAND",1990,8,46767.9166666666
40027,"CLEVELAND",1990,9,46816.3333333334
40027,"CLEVELAND",1990,10,46864.75
40027,"CLEVELAND",1990,11,46913.1666666666
40027,"CLEVELAND",1990,12,46961.5833333334
40027,"CLEVELAND",1991,1,47010
40027,"CLEVELAND",1991,2,47034.3333333333
40027,"CLEVELAND",1991,3,47058.6666666667
40027,"CLEVELAND",1991,4,47083
40027,"CLEVELAND",1991,5,47107.3333333333
40027,"CLEVELAND",1991,6,47131.6666666667
40027,"CLEVELAND",1991,7,47156
40027,"CLEVELAND",1991,8,47180.3333333333
40027,"CLEVELAND",1991,9,47204.6666666667
40027,"CLEVELAND",1991,10,47229
40027,"CLEVELAND",1991,11,47253.3333333333
40027,"CLEVELAND",1991,12,47277.6666666667
40027,"CLEVELAND",1992,1,47302
40027,"CLEVELAND",1992,2,47349.5833333333
40027,"CLEVELAND",1992,3,47397.1666666667
40027,"CLEVELAND",1992,4,47444.75
40027,"CLEVELAND",1992,5,47492.3333333333
40027,"CLEVELAND",1992,6,47539.9166666667
40027,"CLEVELAND",1992,7,47587.5
40027,"CLEVELAND",1992,8,47635.0833333333
40027,"CLEVELAND",1992,9,47682.6666666667
40027,"CLEVELAND",1992,10,47730.25
40027,"CLEVELAND",1992,11,47777.8333333333
40027,"CLEVELAND",1992,12,47825.4166666667
40027,"CLEVELAND",1993,1,47873
40027,"CLEVELAND",1993,2,47927.2499999999
40027,"CLEVELAND",1993,3,47981.5000000001
40027,"CLEVELAND",1993,4,48035.75
40027,"CLEVELAND",1993,5,48089.9999999999
40027,"CLEVELAND",1993,6,48144.2500000001
40027,"CLEVELAND",1993,7,48198.5
40027,"CLEVELAND",1993,8,48252.7499999999
40027,"CLEVELAND",1993,9,48307.0000000001
40027,"CLEVELAND",1993,10,48361.25
40027,"CLEVELAND",1993,11,48415.4999999999
40027,"CLEVELAND",1993,12,48469.7500000001
40027,"CLEVELAND",1994,1,48524
40027,"CLEVELAND",1994,2,48555.0833333333
40027,"CLEVELAND",1994,3,48586.1666666667
40027,"CLEVELAND",1994,4,48617.25
40027,"CLEVELAND",1994,5,48648.3333333333
40027,"CLEVELAND",1994,6,48679.4166666667
40027,"CLEVELAND",1994,7,48710.5
40027,"CLEVELAND",1994,8,48741.5833333333
40027,"CLEVELAND",1994,9,48772.6666666667
40027,"CLEVELAND",1994,10,48803.75
40027,"CLEVELAND",1994,11,48834.8333333333
40027,"CLEVELAND",1994,12,48865.9166666667
40027,"CLEVELAND",1995,1,48897
40027,"CLEVELAND",1995,2,48927.6666666666
40027,"CLEVELAND",1995,3,48958.3333333334
40027,"CLEVELAND",1995,4,48989
40027,"CLEVELAND",1995,5,49019.6666666666
40027,"CLEVELAND",1995,6,49050.3333333334
40027,"CLEVELAND",1995,7,49081
40027,"CLEVELAND",1995,8,49111.6666666666
40027,"CLEVELAND",1995,9,49142.3333333334
40027,"CLEVELAND",1995,10,49173
40027,"CLEVELAND",1995,11,49203.6666666666
40027,"CLEVELAND",1995,12,49234.3333333334
40027,"CLEVELAND",1996,1,49265
40027,"CLEVELAND",1996,2,49343.7499999999
40027,"CLEVELAND",1996,3,49422.5000000001
40027,"CLEVELAND",1996,4,49501.25
40027,"CLEVELAND",1996,5,49579.9999999999
40027,"CLEVELAND",1996,6,49658.7500000001
40027,"CLEVELAND",1996,7,49737.5
40027,"CLEVELAND",1996,8,49816.2499999999
40027,"CLEVELAND",1996,9,49895.0000000001
40027,"CLEVELAND",1996,10,49973.75
40027,"CLEVELAND",1996,11,50052.4999999999
40027,"CLEVELAND",1996,12,50131.2500000001
40027,"CLEVELAND",1997,1,50210
40027,"CLEVELAND",1997,2,50234.6666666666
40027,"CLEVELAND",1997,3,50259.3333333334
40027,"CLEVELAND",1997,4,50284
40027,"CLEVELAND",1997,5,50308.6666666666
40027,"CLEVELAND",1997,6,50333.3333333334
40027,"CLEVELAND",1997,7,50358
40027,"CLEVELAND",1997,8,50382.6666666666
40027,"CLEVELAND",1997,9,50407.3333333334
40027,"CLEVELAND",1997,10,50432
40027,"CLEVELAND",1997,11,50456.6666666666
40027,"CLEVELAND",1997,12,50481.3333333334
40027,"CLEVELAND",1998,1,50506
40027,"CLEVELAND",1998,2,50525.1666666666
40027,"CLEVELAND",1998,3,50544.3333333334
40027,"CLEVELAND",1998,4,50563.5
40027,"CLEVELAND",1998,5,50582.6666666666
40027,"CLEVELAND",1998,6,50601.8333333334
40027,"CLEVELAND",1998,7,50621
40027,"CLEVELAND",1998,8,50640.1666666666
40027,"CLEVELAND",1998,9,50659.3333333334
40027,"CLEVELAND",1998,10,50678.5
40027,"CLEVELAND",1998,11,50697.6666666666
40027,"CLEVELAND",1998,12,50716.8333333334
40027,"CLEVELAND",1999,1,50736
40027,"CLEVELAND",1999,2,50722.6666666667
40027,"CLEVELAND",1999,3,50709.3333333333
40027,"CLEVELAND",1999,4,50696
40027,"CLEVELAND",1999,5,50682.6666666667
40027,"CLEVELAND",1999,6,50669.3333333333
40027,"CLEVELAND",1999,7,50656
40027,"CLEVELAND",1999,8,50642.6666666667
40027,"CLEVELAND",1999,9,50629.3333333333
40027,"CLEVELAND",1999,10,50616
40027,"CLEVELAND",1999,11,50602.6666666667
40027,"CLEVELAND",1999,12,50589.3333333333
40031,"COMANCHE",1990,1,25634
40031,"COMANCHE",1990,2,25627.8333333333
40031,"COMANCHE",1990,3,25621.6666666667
40031,"COMANCHE",1990,4,25615.5
40031,"COMANCHE",1990,5,25609.3333333333
40031,"COMANCHE",1990,6,25603.1666666667
40031,"COMANCHE",1990,7,25597
40031,"COMANCHE",1990,8,25590.8333333333
40031,"COMANCHE",1990,9,25584.6666666667
40031,"COMANCHE",1990,10,25578.5
40031,"COMANCHE",1990,11,25572.3333333333
40031,"COMANCHE",1990,12,25566.1666666667
40031,"COMANCHE",1991,1,25560
40031,"COMANCHE",1991,2,25725.3333333332
40031,"COMANCHE",1991,3,25890.6666666668
40031,"COMANCHE",1991,4,26056
40031,"COMANCHE",1991,5,26221.3333333332
40031,"COMANCHE",1991,6,26386.6666666668
40031,"COMANCHE",1991,7,26552
40031,"COMANCHE",1991,8,26717.3333333332
40031,"COMANCHE",1991,9,26882.6666666668
40031,"COMANCHE",1991,10,27048
40031,"COMANCHE",1991,11,27213.3333333332
40031,"COMANCHE",1991,12,27378.6666666668
40031,"COMANCHE",1992,1,27544
40031,"COMANCHE",1992,2,27503
40031,"COMANCHE",1992,3,27462
40031,"COMANCHE",1992,4,27421
40031,"COMANCHE",1992,5,27380
40031,"COMANCHE",1992,6,27339
40031,"COMANCHE",1992,7,27298
40031,"COMANCHE",1992,8,27257
40031,"COMANCHE",1992,9,27216
40031,"COMANCHE",1992,10,27175
40031,"COMANCHE",1992,11,27134
40031,"COMANCHE",1992,12,27093
40031,"COMANCHE",1993,1,27052
40031,"COMANCHE",1993,2,27042.0833333333
40031,"COMANCHE",1993,3,27032.1666666667
40031,"COMANCHE",1993,4,27022.25
40031,"COMANCHE",1993,5,27012.3333333333
40031,"COMANCHE",1993,6,27002.4166666667
40031,"COMANCHE",1993,7,26992.5
40031,"COMANCHE",1993,8,26982.5833333333
40031,"COMANCHE",1993,9,26972.6666666667
40031,"COMANCHE",1993,10,26962.75
40031,"COMANCHE",1993,11,26952.8333333333
40031,"COMANCHE",1993,12,26942.9166666667
40031,"COMANCHE",1994,1,26933
40031,"COMANCHE",1994,2,26885.4166666667
40031,"COMANCHE",1994,3,26837.8333333333
40031,"COMANCHE",1994,4,26790.25
40031,"COMANCHE",1994,5,26742.6666666667
40031,"COMANCHE",1994,6,26695.0833333333
40031,"COMANCHE",1994,7,26647.5
40031,"COMANCHE",1994,8,26599.9166666667
40031,"COMANCHE",1994,9,26552.3333333333
40031,"COMANCHE",1994,10,26504.75
40031,"COMANCHE",1994,11,26457.1666666667
40031,"COMANCHE",1994,12,26409.5833333333
40031,"COMANCHE",1995,1,26362
40031,"COMANCHE",1995,2,26361.9166666667
40031,"COMANCHE",1995,3,26361.8333333333
40031,"COMANCHE",1995,4,26361.75
40031,"COMANCHE",1995,5,26361.6666666667
40031,"COMANCHE",1995,6,26361.5833333333
40031,"COMANCHE",1995,7,26361.5
40031,"COMANCHE",1995,8,26361.4166666667
40031,"COMANCHE",1995,9,26361.3333333333
40031,"COMANCHE",1995,10,26361.25
40031,"COMANCHE",1995,11,26361.1666666667
40031,"COMANCHE",1995,12,26361.0833333333
40031,"COMANCHE",1996,1,26361
40031,"COMANCHE",1996,2,26337.1666666667
40031,"COMANCHE",1996,3,26313.3333333333
40031,"COMANCHE",1996,4,26289.5
40031,"COMANCHE",1996,5,26265.6666666667
40031,"COMANCHE",1996,6,26241.8333333333
40031,"COMANCHE",1996,7,26218
40031,"COMANCHE",1996,8,26194.1666666667
40031,"COMANCHE",1996,9,26170.3333333333
40031,"COMANCHE",1996,10,26146.5
40031,"COMANCHE",1996,11,26122.6666666667
40031,"COMANCHE",1996,12,26098.8333333333
40031,"COMANCHE",1997,1,26075
40031,"COMANCHE",1997,2,26059.0833333333
40031,"COMANCHE",1997,3,26043.1666666667
40031,"COMANCHE",1997,4,26027.25
40031,"COMANCHE",1997,5,26011.3333333333
40031,"COMANCHE",1997,6,25995.4166666667
40031,"COMANCHE",1997,7,25979.5
40031,"COMANCHE",1997,8,25963.5833333333
40031,"COMANCHE",1997,9,25947.6666666667
40031,"COMANCHE",1997,10,25931.75
40031,"COMANCHE",1997,11,25915.8333333333
40031,"COMANCHE",1997,12,25899.9166666667
40031,"COMANCHE",1998,1,25884
40031,"COMANCHE",1998,2,25853.0833333334
40031,"COMANCHE",1998,3,25822.1666666666
40031,"COMANCHE",1998,4,25791.25
40031,"COMANCHE",1998,5,25760.3333333334
40031,"COMANCHE",1998,6,25729.4166666666
40031,"COMANCHE",1998,7,25698.5
40031,"COMANCHE",1998,8,25667.5833333334
40031,"COMANCHE",1998,9,25636.6666666666
40031,"COMANCHE",1998,10,25605.75
40031,"COMANCHE",1998,11,25574.8333333334
40031,"COMANCHE",1998,12,25543.9166666666
40031,"COMANCHE",1999,1,25513
40031,"COMANCHE",1999,2,25480
40031,"COMANCHE",1999,3,25447
40031,"COMANCHE",1999,4,25414
40031,"COMANCHE",1999,5,25381
40031,"COMANCHE",1999,6,25348
40031,"COMANCHE",1999,7,25315
40031,"COMANCHE",1999,8,25282
40031,"COMANCHE",1999,9,25249
40031,"COMANCHE",1999,10,25216
40031,"COMANCHE",1999,11,25183
40031,"COMANCHE",1999,12,25150
40037,"CREEK",1990,1,13273
40037,"CREEK",1990,2,13284.25
40037,"CREEK",1990,3,13295.5
40037,"CREEK",1990,4,13306.75
40037,"CREEK",1990,5,13318
40037,"CREEK",1990,6,13329.25
40037,"CREEK",1990,7,13340.5
40037,"CREEK",1990,8,13351.75
40037,"CREEK",1990,9,13363
40037,"CREEK",1990,10,13374.25
40037,"CREEK",1990,11,13385.5
40037,"CREEK",1990,12,13396.75
40037,"CREEK",1991,1,13408
40037,"CREEK",1991,2,13398.25
40037,"CREEK",1991,3,13388.5
40037,"CREEK",1991,4,13378.75
40037,"CREEK",1991,5,13369
40037,"CREEK",1991,6,13359.25
40037,"CREEK",1991,7,13349.5
40037,"CREEK",1991,8,13339.75
40037,"CREEK",1991,9,13330
40037,"CREEK",1991,10,13320.25
40037,"CREEK",1991,11,13310.5
40037,"CREEK",1991,12,13300.75
40037,"CREEK",1992,1,13291
40037,"CREEK",1992,2,13291.0833333333
40037,"CREEK",1992,3,13291.1666666667
40037,"CREEK",1992,4,13291.25
40037,"CREEK",1992,5,13291.3333333333
40037,"CREEK",1992,6,13291.4166666667
40037,"CREEK",1992,7,13291.5
40037,"CREEK",1992,8,13291.5833333333
40037,"CREEK",1992,9,13291.6666666667
40037,"CREEK",1992,10,13291.75
40037,"CREEK",1992,11,13291.8333333333
40037,"CREEK",1992,12,13291.9166666667
40037,"CREEK",1993,1,13292
40037,"CREEK",1993,2,13293.9166666667
40037,"CREEK",1993,3,13295.8333333333
40037,"CREEK",1993,4,13297.75
40037,"CREEK",1993,5,13299.6666666667
40037,"CREEK",1993,6,13301.5833333333
40037,"CREEK",1993,7,13303.5
40037,"CREEK",1993,8,13305.4166666667
40037,"CREEK",1993,9,13307.3333333333
40037,"CREEK",1993,10,13309.25
40037,"CREEK",1993,11,13311.1666666667
40037,"CREEK",1993,12,13313.0833333333
40037,"CREEK",1994,1,13315
40037,"CREEK",1994,2,13317.5
40037,"CREEK",1994,3,13320
40037,"CREEK",1994,4,13322.5
40037,"CREEK",1994,5,13325
40037,"CREEK",1994,6,13327.5
40037,"CREEK",1994,7,13330
40037,"CREEK",1994,8,13332.5
40037,"CREEK",1994,9,13335
40037,"CREEK",1994,10,13337.5
40037,"CREEK",1994,11,13340
40037,"CREEK",1994,12,13342.5
40037,"CREEK",1995,1,13345
40037,"CREEK",1995,2,13349.1666666667
40037,"CREEK",1995,3,13353.3333333333
40037,"CREEK",1995,4,13357.5
40037,"CREEK",1995,5,13361.6666666667
40037,"CREEK",1995,6,13365.8333333333
40037,"CREEK",1995,7,13370
40037,"CREEK",1995,8,13374.1666666667
40037,"CREEK",1995,9,13378.3333333333
40037,"CREEK",1995,10,13382.5
40037,"CREEK",1995,11,13386.6666666667
40037,"CREEK",1995,12,13390.8333333333
40037,"CREEK",1996,1,13395
40037,"CREEK",1996,2,13402.9166666667
40037,"CREEK",1996,3,13410.8333333333
40037,"CREEK",1996,4,13418.75
40037,"CREEK",1996,5,13426.6666666667
40037,"CREEK",1996,6,13434.5833333333
40037,"CREEK",1996,7,13442.5
40037,"CREEK",1996,8,13450.4166666667
40037,"CREEK",1996,9,13458.3333333333
40037,"CREEK",1996,10,13466.25
40037,"CREEK",1996,11,13474.1666666667
40037,"CREEK",1996,12,13482.0833333333
40037,"CREEK",1997,1,13490
40037,"CREEK",1997,2,13493.75
40037,"CREEK",1997,3,13497.5
40037,"CREEK",1997,4,13501.25
40037,"CREEK",1997,5,13505
40037,"CREEK",1997,6,13508.75
40037,"CREEK",1997,7,13512.5
40037,"CREEK",1997,8,13516.25
40037,"CREEK",1997,9,13520
40037,"CREEK",1997,10,13523.75
40037,"CREEK",1997,11,13527.5
40037,"CREEK",1997,12,13531.25
40037,"CREEK",1998,1,13535
40037,"CREEK",1998,2,13538.4166666667
40037,"CREEK",1998,3,13541.8333333333
40037,"CREEK",1998,4,13545.25
40037,"CREEK",1998,5,13548.6666666667
40037,"CREEK",1998,6,13552.0833333333
40037,"CREEK",1998,7,13555.5
40037,"CREEK",1998,8,13558.9166666667
40037,"CREEK",1998,9,13562.3333333333
40037,"CREEK",1998,10,13565.75
40037,"CREEK",1998,11,13569.1666666667
40037,"CREEK",1998,12,13572.5833333333
40037,"CREEK",1999,1,13576
40037,"CREEK",1999,2,13569.5833333333
40037,"CREEK",1999,3,13563.1666666667
40037,"CREEK",1999,4,13556.75
40037,"CREEK",1999,5,13550.3333333333
40037,"CREEK",1999,6,13543.9166666667
40037,"CREEK",1999,7,13537.5
40037,"CREEK",1999,8,13531.0833333333
40037,"CREEK",1999,9,13524.6666666667
40037,"CREEK",1999,10,13518.25
40037,"CREEK",1999,11,13511.8333333333
40037,"CREEK",1999,12,13505.4166666667
40083,"LOGAN",1990,1,6577
40083,"LOGAN",1990,2,6589.08333333332
40083,"LOGAN",1990,3,6601.16666666668
40083,"LOGAN",1990,4,6613.25
40083,"LOGAN",1990,5,6625.33333333332
40083,"LOGAN",1990,6,6637.41666666668
40083,"LOGAN",1990,7,6649.5
40083,"LOGAN",1990,8,6661.58333333332
40083,"LOGAN",1990,9,6673.66666666668
40083,"LOGAN",1990,10,6685.75
40083,"LOGAN",1990,11,6697.83333333332
40083,"LOGAN",1990,12,6709.91666666668
40083,"LOGAN",1991,1,6722
40083,"LOGAN",1991,2,6729.58333333333
40083,"LOGAN",1991,3,6737.16666666667
40083,"LOGAN",1991,4,6744.75
40083,"LOGAN",1991,5,6752.33333333333
40083,"LOGAN",1991,6,6759.91666666667
40083,"LOGAN",1991,7,6767.5
40083,"LOGAN",1991,8,6775.08333333333
40083,"LOGAN",1991,9,6782.66666666667
40083,"LOGAN",1991,10,6790.25
40083,"LOGAN",1991,11,6797.83333333333
40083,"LOGAN",1991,12,6805.41666666667
40083,"LOGAN",1992,1,6813
40083,"LOGAN",1992,2,6829.08333333332
40083,"LOGAN",1992,3,6845.16666666668
40083,"LOGAN",1992,4,6861.25
40083,"LOGAN",1992,5,6877.33333333332
40083,"LOGAN",1992,6,6893.41666666668
40083,"LOGAN",1992,7,6909.5
40083,"LOGAN",1992,8,6925.58333333332
40083,"LOGAN",1992,9,6941.66666666668
40083,"LOGAN",1992,10,6957.75
40083,"LOGAN",1992,11,6973.83333333332
40083,"LOGAN",1992,12,6989.91666666668
40083,"LOGAN",1993,1,7006
40083,"LOGAN",1993,2,7008.58333333333
40083,"LOGAN",1993,3,7011.16666666667
40083,"LOGAN",1993,4,7013.75
40083,"LOGAN",1993,5,7016.33333333333
40083,"LOGAN",1993,6,7018.91666666667
40083,"LOGAN",1993,7,7021.5
40083,"LOGAN",1993,8,7024.08333333333
40083,"LOGAN",1993,9,7026.66666666667
40083,"LOGAN",1993,10,7029.25
40083,"LOGAN",1993,11,7031.83333333333
40083,"LOGAN",1993,12,7034.41666666667
40083,"LOGAN",1994,1,7037
40083,"LOGAN",1994,2,7039.41666666666
40083,"LOGAN",1994,3,7041.83333333334
40083,"LOGAN",1994,4,7044.25
40083,"LOGAN",1994,5,7046.66666666666
40083,"LOGAN",1994,6,7049.08333333334
40083,"LOGAN",1994,7,7051.5
40083,"LOGAN",1994,8,7053.91666666666
40083,"LOGAN",1994,9,7056.33333333334
40083,"LOGAN",1994,10,7058.75
40083,"LOGAN",1994,11,7061.16666666666
40083,"LOGAN",1994,12,7063.58333333334
40083,"LOGAN",1995,1,7066
40083,"LOGAN",1995,2,7066
40083,"LOGAN",1995,3,7066
40083,"LOGAN",1995,4,7066
40083,"LOGAN",1995,5,7066
40083,"LOGAN",1995,6,7066
40083,"LOGAN",1995,7,7066
40083,"LOGAN",1995,8,7066
40083,"LOGAN",1995,9,7066
40083,"LOGAN",1995,10,7066
40083,"LOGAN",1995,11,7066
40083,"LOGAN",1995,12,7066
40083,"LOGAN",1996,1,7066
40083,"LOGAN",1996,2,7078.33333333332
40083,"LOGAN",1996,3,7090.66666666668
40083,"LOGAN",1996,4,7103
40083,"LOGAN",1996,5,7115.33333333332
40083,"LOGAN",1996,6,7127.66666666668
40083,"LOGAN",1996,7,7140
40083,"LOGAN",1996,8,7152.33333333332
40083,"LOGAN",1996,9,7164.66666666668
40083,"LOGAN",1996,10,7177
40083,"LOGAN",1996,11,7189.33333333332
40083,"LOGAN",1996,12,7201.66666666668
40083,"LOGAN",1997,1,7214
40083,"LOGAN",1997,2,7222.58333333333
40083,"LOGAN",1997,3,7231.16666666667
40083,"LOGAN",1997,4,7239.75
40083,"LOGAN",1997,5,7248.33333333333
40083,"LOGAN",1997,6,7256.91666666667
40083,"LOGAN",1997,7,7265.5
40083,"LOGAN",1997,8,7274.08333333333
40083,"LOGAN",1997,9,7282.66666666667
40083,"LOGAN",1997,10,7291.25
40083,"LOGAN",1997,11,7299.83333333333
40083,"LOGAN",1997,12,7308.41666666667
40083,"LOGAN",1998,1,7317
40083,"LOGAN",1998,2,7325.66666666666
40083,"LOGAN",1998,3,7334.33333333334
40083,"LOGAN",1998,4,7343
40083,"LOGAN",1998,5,7351.66666666666
40083,"LOGAN",1998,6,7360.33333333334
40083,"LOGAN",1998,7,7369
40083,"LOGAN",1998,8,7377.66666666666
40083,"LOGAN",1998,9,7386.33333333334
40083,"LOGAN",1998,10,7395
40083,"LOGAN",1998,11,7403.66666666666
40083,"LOGAN",1998,12,7412.33333333334
40083,"LOGAN",1999,1,7421
40083,"LOGAN",1999,2,7426.41666666666
40083,"LOGAN",1999,3,7431.83333333334
40083,"LOGAN",1999,4,7437.25
40083,"LOGAN",1999,5,7442.66666666666
40083,"LOGAN",1999,6,7448.08333333334
40083,"LOGAN",1999,7,7453.5
40083,"LOGAN",1999,8,7458.91666666666
40083,"LOGAN",1999,9,7464.33333333334
40083,"LOGAN",1999,10,7469.75
40083,"LOGAN",1999,11,7475.16666666666
40083,"LOGAN",1999,12,7480.58333333334
40087,"MCCLAIN",1990,1,4981
40087,"MCCLAIN",1990,2,4986.16666666666
40087,"MCCLAIN",1990,3,4991.33333333334
40087,"MCCLAIN",1990,4,4996.5
40087,"MCCLAIN",1990,5,5001.66666666666
40087,"MCCLAIN",1990,6,5006.83333333334
40087,"MCCLAIN",1990,7,5012
40087,"MCCLAIN",1990,8,5017.16666666666
40087,"MCCLAIN",1990,9,5022.33333333334
40087,"MCCLAIN",1990,10,5027.5
40087,"MCCLAIN",1990,11,5032.66666666666
40087,"MCCLAIN",1990,12,5037.83333333334
40087,"MCCLAIN",1991,1,5043
40087,"MCCLAIN",1991,2,5047.33333333333
40087,"MCCLAIN",1991,3,5051.66666666667
40087,"MCCLAIN",1991,4,5056
40087,"MCCLAIN",1991,5,5060.33333333333
40087,"MCCLAIN",1991,6,5064.66666666667
40087,"MCCLAIN",1991,7,5069
40087,"MCCLAIN",1991,8,5073.33333333333
40087,"MCCLAIN",1991,9,5077.66666666667
40087,"MCCLAIN",1991,10,5082
40087,"MCCLAIN",1991,11,5086.33333333333
40087,"MCCLAIN",1991,12,5090.66666666667
40087,"MCCLAIN",1992,1,5095
40087,"MCCLAIN",1992,2,5105.24999999999
40087,"MCCLAIN",1992,3,5115.50000000001
40087,"MCCLAIN",1992,4,5125.75
40087,"MCCLAIN",1992,5,5135.99999999999
40087,"MCCLAIN",1992,6,5146.25000000001
40087,"MCCLAIN",1992,7,5156.5
40087,"MCCLAIN",1992,8,5166.74999999999
40087,"MCCLAIN",1992,9,5177.00000000001
40087,"MCCLAIN",1992,10,5187.25
40087,"MCCLAIN",1992,11,5197.49999999999
40087,"MCCLAIN",1992,12,5207.75000000001
40087,"MCCLAIN",1993,1,5218
40087,"MCCLAIN",1993,2,5228.58333333332
40087,"MCCLAIN",1993,3,5239.16666666668
40087,"MCCLAIN",1993,4,5249.75
40087,"MCCLAIN",1993,5,5260.33333333332
40087,"MCCLAIN",1993,6,5270.91666666668
40087,"MCCLAIN",1993,7,5281.5
40087,"MCCLAIN",1993,8,5292.08333333332
40087,"MCCLAIN",1993,9,5302.66666666668
40087,"MCCLAIN",1993,10,5313.25
40087,"MCCLAIN",1993,11,5323.83333333332
40087,"MCCLAIN",1993,12,5334.41666666668
40087,"MCCLAIN",1994,1,5345
40087,"MCCLAIN",1994,2,5357.66666666666
40087,"MCCLAIN",1994,3,5370.33333333334
40087,"MCCLAIN",1994,4,5383
40087,"MCCLAIN",1994,5,5395.66666666666
40087,"MCCLAIN",1994,6,5408.33333333334
40087,"MCCLAIN",1994,7,5421
40087,"MCCLAIN",1994,8,5433.66666666666
40087,"MCCLAIN",1994,9,5446.33333333334
40087,"MCCLAIN",1994,10,5459
40087,"MCCLAIN",1994,11,5471.66666666666
40087,"MCCLAIN",1994,12,5484.33333333334
40087,"MCCLAIN",1995,1,5497
40087,"MCCLAIN",1995,2,5502
40087,"MCCLAIN",1995,3,5507
40087,"MCCLAIN",1995,4,5512
40087,"MCCLAIN",1995,5,5517
40087,"MCCLAIN",1995,6,5522
40087,"MCCLAIN",1995,7,5527
40087,"MCCLAIN",1995,8,5532
40087,"MCCLAIN",1995,9,5537
40087,"MCCLAIN",1995,10,5542
40087,"MCCLAIN",1995,11,5547
40087,"MCCLAIN",1995,12,5552
40087,"MCCLAIN",1996,1,5557
40087,"MCCLAIN",1996,2,5564.08333333333
40087,"MCCLAIN",1996,3,5571.16666666667
40087,"MCCLAIN",1996,4,5578.25
40087,"MCCLAIN",1996,5,5585.33333333333
40087,"MCCLAIN",1996,6,5592.41666666667
40087,"MCCLAIN",1996,7,5599.5
40087,"MCCLAIN",1996,8,5606.58333333333
40087,"MCCLAIN",1996,9,5613.66666666667
40087,"MCCLAIN",1996,10,5620.75
40087,"MCCLAIN",1996,11,5627.83333333333
40087,"MCCLAIN",1996,12,5634.91666666667
40087,"MCCLAIN",1997,1,5642
40087,"MCCLAIN",1997,2,5648.41666666666
40087,"MCCLAIN",1997,3,5654.83333333334
40087,"MCCLAIN",1997,4,5661.25
40087,"MCCLAIN",1997,5,5667.66666666666
40087,"MCCLAIN",1997,6,5674.08333333334
40087,"MCCLAIN",1997,7,5680.5
40087,"MCCLAIN",1997,8,5686.91666666666
40087,"MCCLAIN",1997,9,5693.33333333334
40087,"MCCLAIN",1997,10,5699.75
40087,"MCCLAIN",1997,11,5706.16666666666
40087,"MCCLAIN",1997,12,5712.58333333334
40087,"MCCLAIN",1998,1,5719
40087,"MCCLAIN",1998,2,5728.49999999999
40087,"MCCLAIN",1998,3,5738.00000000001
40087,"MCCLAIN",1998,4,5747.5
40087,"MCCLAIN",1998,5,5756.99999999999
40087,"MCCLAIN",1998,6,5766.50000000001
40087,"MCCLAIN",1998,7,5776
40087,"MCCLAIN",1998,8,5785.49999999999
40087,"MCCLAIN",1998,9,5795.00000000001
40087,"MCCLAIN",1998,10,5804.5
40087,"MCCLAIN",1998,11,5813.99999999999
40087,"MCCLAIN",1998,12,5823.50000000001
40087,"MCCLAIN",1999,1,5833
40087,"MCCLAIN",1999,2,5837.5
40087,"MCCLAIN",1999,3,5842
40087,"MCCLAIN",1999,4,5846.5
40087,"MCCLAIN",1999,5,5851
40087,"MCCLAIN",1999,6,5855.5
40087,"MCCLAIN",1999,7,5860
40087,"MCCLAIN",1999,8,5864.5
40087,"MCCLAIN",1999,9,5869
40087,"MCCLAIN",1999,10,5873.5
40087,"MCCLAIN",1999,11,5878
40087,"MCCLAIN",1999,12,5882.5
40101,"MUSKOGEE",1990,1,14556
40101,"MUSKOGEE",1990,2,14563.5
40101,"MUSKOGEE",1990,3,14571
40101,"MUSKOGEE",1990,4,14578.5
40101,"MUSKOGEE",1990,5,14586
40101,"MUSKOGEE",1990,6,14593.5
40101,"MUSKOGEE",1990,7,14601
40101,"MUSKOGEE",1990,8,14608.5
40101,"MUSKOGEE",1990,9,14616
40101,"MUSKOGEE",1990,10,14623.5
40101,"MUSKOGEE",1990,11,14631
40101,"MUSKOGEE",1990,12,14638.5
40101,"MUSKOGEE",1991,1,14646
40101,"MUSKOGEE",1991,2,14643.25
40101,"MUSKOGEE",1991,3,14640.5
40101,"MUSKOGEE",1991,4,14637.75
40101,"MUSKOGEE",1991,5,14635
40101,"MUSKOGEE",1991,6,14632.25
40101,"MUSKOGEE",1991,7,14629.5
40101,"MUSKOGEE",1991,8,14626.75
40101,"MUSKOGEE",1991,9,14624
40101,"MUSKOGEE",1991,10,14621.25
40101,"MUSKOGEE",1991,11,14618.5
40101,"MUSKOGEE",1991,12,14615.75
40101,"MUSKOGEE",1992,1,14613
40101,"MUSKOGEE",1992,2,14612.75
40101,"MUSKOGEE",1992,3,14612.5
40101,"MUSKOGEE",1992,4,14612.25
40101,"MUSKOGEE",1992,5,14612
40101,"MUSKOGEE",1992,6,14611.75
40101,"MUSKOGEE",1992,7,14611.5
40101,"MUSKOGEE",1992,8,14611.25
40101,"MUSKOGEE",1992,9,14611
40101,"MUSKOGEE",1992,10,14610.75
40101,"MUSKOGEE",1992,11,14610.5
40101,"MUSKOGEE",1992,12,14610.25
40101,"MUSKOGEE",1993,1,14610
40101,"MUSKOGEE",1993,2,14611.9166666667
40101,"MUSKOGEE",1993,3,14613.8333333333
40101,"MUSKOGEE",1993,4,14615.75
40101,"MUSKOGEE",1993,5,14617.6666666667
40101,"MUSKOGEE",1993,6,14619.5833333333
40101,"MUSKOGEE",1993,7,14621.5
40101,"MUSKOGEE",1993,8,14623.4166666667
40101,"MUSKOGEE",1993,9,14625.3333333333
40101,"MUSKOGEE",1993,10,14627.25
40101,"MUSKOGEE",1993,11,14629.1666666667
40101,"MUSKOGEE",1993,12,14631.0833333333
40101,"MUSKOGEE",1994,1,14633
40101,"MUSKOGEE",1994,2,14630.4166666667
40101,"MUSKOGEE",1994,3,14627.8333333333
40101,"MUSKOGEE",1994,4,14625.25
40101,"MUSKOGEE",1994,5,14622.6666666667
40101,"MUSKOGEE",1994,6,14620.0833333333
40101,"MUSKOGEE",1994,7,14617.5
40101,"MUSKOGEE",1994,8,14614.9166666667
40101,"MUSKOGEE",1994,9,14612.3333333333
40101,"MUSKOGEE",1994,10,14609.75
40101,"MUSKOGEE",1994,11,14607.1666666667
40101,"MUSKOGEE",1994,12,14604.5833333333
40101,"MUSKOGEE",1995,1,14602
40101,"MUSKOGEE",1995,2,14601.6666666667
40101,"MUSKOGEE",1995,3,14601.3333333333
40101,"MUSKOGEE",1995,4,14601
40101,"MUSKOGEE",1995,5,14600.6666666667
40101,"MUSKOGEE",1995,6,14600.3333333333
40101,"MUSKOGEE",1995,7,14600
40101,"MUSKOGEE",1995,8,14599.6666666667
40101,"MUSKOGEE",1995,9,14599.3333333333
40101,"MUSKOGEE",1995,10,14599
40101,"MUSKOGEE",1995,11,14598.6666666667
40101,"MUSKOGEE",1995,12,14598.3333333333
40101,"MUSKOGEE",1996,1,14598
40101,"MUSKOGEE",1996,2,14591.3333333333
40101,"MUSKOGEE",1996,3,14584.6666666667
40101,"MUSKOGEE",1996,4,14578
40101,"MUSKOGEE",1996,5,14571.3333333333
40101,"MUSKOGEE",1996,6,14564.6666666667
40101,"MUSKOGEE",1996,7,14558
40101,"MUSKOGEE",1996,8,14551.3333333333
40101,"MUSKOGEE",1996,9,14544.6666666667
40101,"MUSKOGEE",1996,10,14538
40101,"MUSKOGEE",1996,11,14531.3333333333
40101,"MUSKOGEE",1996,12,14524.6666666667
40101,"MUSKOGEE",1997,1,14518
40101,"MUSKOGEE",1997,2,14519.6666666667
40101,"MUSKOGEE",1997,3,14521.3333333333
40101,"MUSKOGEE",1997,4,14523
40101,"MUSKOGEE",1997,5,14524.6666666667
40101,"MUSKOGEE",1997,6,14526.3333333333
40101,"MUSKOGEE",1997,7,14528
40101,"MUSKOGEE",1997,8,14529.6666666667
40101,"MUSKOGEE",1997,9,14531.3333333333
40101,"MUSKOGEE",1997,10,14533
40101,"MUSKOGEE",1997,11,14534.6666666667
40101,"MUSKOGEE",1997,12,14536.3333333333
40101,"MUSKOGEE",1998,1,14538
40101,"MUSKOGEE",1998,2,14529.3333333333
40101,"MUSKOGEE",1998,3,14520.6666666667
40101,"MUSKOGEE",1998,4,14512
40101,"MUSKOGEE",1998,5,14503.3333333333
40101,"MUSKOGEE",1998,6,14494.6666666667
40101,"MUSKOGEE",1998,7,14486
40101,"MUSKOGEE",1998,8,14477.3333333333
40101,"MUSKOGEE",1998,9,14468.6666666667
40101,"MUSKOGEE",1998,10,14460
40101,"MUSKOGEE",1998,11,14451.3333333333
40101,"MUSKOGEE",1998,12,14442.6666666667
40101,"MUSKOGEE",1999,1,14434
40101,"MUSKOGEE",1999,2,14422.8333333333
40101,"MUSKOGEE",1999,3,14411.6666666667
40101,"MUSKOGEE",1999,4,14400.5
40101,"MUSKOGEE",1999,5,14389.3333333333
40101,"MUSKOGEE",1999,6,14378.1666666667
40101,"MUSKOGEE",1999,7,14367
40101,"MUSKOGEE",1999,8,14355.8333333333
40101,"MUSKOGEE",1999,9,14344.6666666667
40101,"MUSKOGEE",1999,10,14333.5
40101,"MUSKOGEE",1999,11,14322.3333333333
40101,"MUSKOGEE",1999,12,14311.1666666667
40109,"OKLAHOMA",1990,1,143192
40109,"OKLAHOMA",1990,2,143278.666666667
40109,"OKLAHOMA",1990,3,143365.333333333
40109,"OKLAHOMA",1990,4,143452
40109,"OKLAHOMA",1990,5,143538.666666667
40109,"OKLAHOMA",1990,6,143625.333333333
40109,"OKLAHOMA",1990,7,143712
40109,"OKLAHOMA",1990,8,143798.666666667
40109,"OKLAHOMA",1990,9,143885.333333333
40109,"OKLAHOMA",1990,10,143972
40109,"OKLAHOMA",1990,11,144058.666666667
40109,"OKLAHOMA",1990,12,144145.333333333
40109,"OKLAHOMA",1991,1,144232
40109,"OKLAHOMA",1991,2,144280.583333333
40109,"OKLAHOMA",1991,3,144329.166666667
40109,"OKLAHOMA",1991,4,144377.75
40109,"OKLAHOMA",1991,5,144426.333333333
40109,"OKLAHOMA",1991,6,144474.916666667
40109,"OKLAHOMA",1991,7,144523.5
40109,"OKLAHOMA",1991,8,144572.083333333
40109,"OKLAHOMA",1991,9,144620.666666667
40109,"OKLAHOMA",1991,10,144669.25
40109,"OKLAHOMA",1991,11,144717.833333333
40109,"OKLAHOMA",1991,12,144766.416666667
40109,"OKLAHOMA",1992,1,144815
40109,"OKLAHOMA",1992,2,144892.416666667
40109,"OKLAHOMA",1992,3,144969.833333333
40109,"OKLAHOMA",1992,4,145047.25
40109,"OKLAHOMA",1992,5,145124.666666667
40109,"OKLAHOMA",1992,6,145202.083333333
40109,"OKLAHOMA",1992,7,145279.5
40109,"OKLAHOMA",1992,8,145356.916666667
40109,"OKLAHOMA",1992,9,145434.333333333
40109,"OKLAHOMA",1992,10,145511.75
40109,"OKLAHOMA",1992,11,145589.166666667
40109,"OKLAHOMA",1992,12,145666.583333333
40109,"OKLAHOMA",1993,1,145744
40109,"OKLAHOMA",1993,2,145832
40109,"OKLAHOMA",1993,3,145920
40109,"OKLAHOMA",1993,4,146008
40109,"OKLAHOMA",1993,5,146096
40109,"OKLAHOMA",1993,6,146184
40109,"OKLAHOMA",1993,7,146272
40109,"OKLAHOMA",1993,8,146360
40109,"OKLAHOMA",1993,9,146448
40109,"OKLAHOMA",1993,10,146536
40109,"OKLAHOMA",1993,11,146624
40109,"OKLAHOMA",1993,12,146712
40109,"OKLAHOMA",1994,1,146800
40109,"OKLAHOMA",1994,2,146805.25
40109,"OKLAHOMA",1994,3,146810.5
40109,"OKLAHOMA",1994,4,146815.75
40109,"OKLAHOMA",1994,5,146821
40109,"OKLAHOMA",1994,6,146826.25
40109,"OKLAHOMA",1994,7,146831.5
40109,"OKLAHOMA",1994,8,146836.75
40109,"OKLAHOMA",1994,9,146842
40109,"OKLAHOMA",1994,10,146847.25
40109,"OKLAHOMA",1994,11,146852.5
40109,"OKLAHOMA",1994,12,146857.75
40109,"OKLAHOMA",1995,1,146863
40109,"OKLAHOMA",1995,2,146948.833333333
40109,"OKLAHOMA",1995,3,147034.666666667
40109,"OKLAHOMA",1995,4,147120.5
40109,"OKLAHOMA",1995,5,147206.333333333
40109,"OKLAHOMA",1995,6,147292.166666667
40109,"OKLAHOMA",1995,7,147378
40109,"OKLAHOMA",1995,8,147463.833333333
40109,"OKLAHOMA",1995,9,147549.666666667
40109,"OKLAHOMA",1995,10,147635.5
40109,"OKLAHOMA",1995,11,147721.333333333
40109,"OKLAHOMA",1995,12,147807.166666667
40109,"OKLAHOMA",1996,1,147893
40109,"OKLAHOMA",1996,2,147939
40109,"OKLAHOMA",1996,3,147985
40109,"OKLAHOMA",1996,4,148031
40109,"OKLAHOMA",1996,5,148077
40109,"OKLAHOMA",1996,6,148123
40109,"OKLAHOMA",1996,7,148169
40109,"OKLAHOMA",1996,8,148215
40109,"OKLAHOMA",1996,9,148261
40109,"OKLAHOMA",1996,10,148307
40109,"OKLAHOMA",1996,11,148353
40109,"OKLAHOMA",1996,12,148399
40109,"OKLAHOMA",1997,1,148445
40109,"OKLAHOMA",1997,2,148447.166666667
40109,"OKLAHOMA",1997,3,148449.333333333
40109,"OKLAHOMA",1997,4,148451.5
40109,"OKLAHOMA",1997,5,148453.666666667
40109,"OKLAHOMA",1997,6,148455.833333333
40109,"OKLAHOMA",1997,7,148458
40109,"OKLAHOMA",1997,8,148460.166666667
40109,"OKLAHOMA",1997,9,148462.333333333
40109,"OKLAHOMA",1997,10,148464.5
40109,"OKLAHOMA",1997,11,148466.666666667
40109,"OKLAHOMA",1997,12,148468.833333333
40109,"OKLAHOMA",1998,1,148471
40109,"OKLAHOMA",1998,2,148554.666666667
40109,"OKLAHOMA",1998,3,148638.333333333
40109,"OKLAHOMA",1998,4,148722
40109,"OKLAHOMA",1998,5,148805.666666667
40109,"OKLAHOMA",1998,6,148889.333333333
40109,"OKLAHOMA",1998,7,148973
40109,"OKLAHOMA",1998,8,149056.666666667
40109,"OKLAHOMA",1998,9,149140.333333333
40109,"OKLAHOMA",1998,10,149224
40109,"OKLAHOMA",1998,11,149307.666666667
40109,"OKLAHOMA",1998,12,149391.333333333
40109,"OKLAHOMA",1999,1,149475
40109,"OKLAHOMA",1999,2,149477.833333333
40109,"OKLAHOMA",1999,3,149480.666666667
40109,"OKLAHOMA",1999,4,149483.5
40109,"OKLAHOMA",1999,5,149486.333333333
40109,"OKLAHOMA",1999,6,149489.166666667
40109,"OKLAHOMA",1999,7,149492
40109,"OKLAHOMA",1999,8,149494.833333333
40109,"OKLAHOMA",1999,9,149497.666666667
40109,"OKLAHOMA",1999,10,149500.5
40109,"OKLAHOMA",1999,11,149503.333333333
40109,"OKLAHOMA",1999,12,149506.166666667
40113,"OSAGE",1990,1,8539
40113,"OSAGE",1990,2,8538.75
40113,"OSAGE",1990,3,8538.5
40113,"OSAGE",1990,4,8538.25
40113,"OSAGE",1990,5,8538
40113,"OSAGE",1990,6,8537.75
40113,"OSAGE",1990,7,8537.5
40113,"OSAGE",1990,8,8537.25
40113,"OSAGE",1990,9,8537
40113,"OSAGE",1990,10,8536.75
40113,"OSAGE",1990,11,8536.5
40113,"OSAGE",1990,12,8536.25
40113,"OSAGE",1991,1,8536
40113,"OSAGE",1991,2,8536.08333333333
40113,"OSAGE",1991,3,8536.16666666667
40113,"OSAGE",1991,4,8536.25
40113,"OSAGE",1991,5,8536.33333333333
40113,"OSAGE",1991,6,8536.41666666667
40113,"OSAGE",1991,7,8536.5
40113,"OSAGE",1991,8,8536.58333333333
40113,"OSAGE",1991,9,8536.66666666667
40113,"OSAGE",1991,10,8536.75
40113,"OSAGE",1991,11,8536.83333333333
40113,"OSAGE",1991,12,8536.91666666667
40113,"OSAGE",1992,1,8537
40113,"OSAGE",1992,2,8544.41666666666
40113,"OSAGE",1992,3,8551.83333333334
40113,"OSAGE",1992,4,8559.25
40113,"OSAGE",1992,5,8566.66666666666
40113,"OSAGE",1992,6,8574.08333333334
40113,"OSAGE",1992,7,8581.5
40113,"OSAGE",1992,8,8588.91666666666
40113,"OSAGE",1992,9,8596.33333333334
40113,"OSAGE",1992,10,8603.75
40113,"OSAGE",1992,11,8611.16666666666
40113,"OSAGE",1992,12,8618.58333333334
40113,"OSAGE",1993,1,8626
40113,"OSAGE",1993,2,8617.91666666667
40113,"OSAGE",1993,3,8609.83333333333
40113,"OSAGE",1993,4,8601.75
40113,"OSAGE",1993,5,8593.66666666667
40113,"OSAGE",1993,6,8585.58333333333
40113,"OSAGE",1993,7,8577.5
40113,"OSAGE",1993,8,8569.41666666667
40113,"OSAGE",1993,9,8561.33333333333
40113,"OSAGE",1993,10,8553.25
40113,"OSAGE",1993,11,8545.16666666667
40113,"OSAGE",1993,12,8537.08333333333
40113,"OSAGE",1994,1,8529
40113,"OSAGE",1994,2,8525.91666666667
40113,"OSAGE",1994,3,8522.83333333333
40113,"OSAGE",1994,4,8519.75
40113,"OSAGE",1994,5,8516.66666666667
40113,"OSAGE",1994,6,8513.58333333333
40113,"OSAGE",1994,7,8510.5
40113,"OSAGE",1994,8,8507.41666666667
40113,"OSAGE",1994,9,8504.33333333333
40113,"OSAGE",1994,10,8501.25
40113,"OSAGE",1994,11,8498.16666666667
40113,"OSAGE",1994,12,8495.08333333333
40113,"OSAGE",1995,1,8492
40113,"OSAGE",1995,2,8492.41666666667
40113,"OSAGE",1995,3,8492.83333333333
40113,"OSAGE",1995,4,8493.25
40113,"OSAGE",1995,5,8493.66666666667
40113,"OSAGE",1995,6,8494.08333333333
40113,"OSAGE",1995,7,8494.5
40113,"OSAGE",1995,8,8494.91666666667
40113,"OSAGE",1995,9,8495.33333333333
40113,"OSAGE",1995,10,8495.75
40113,"OSAGE",1995,11,8496.16666666667
40113,"OSAGE",1995,12,8496.58333333333
40113,"OSAGE",1996,1,8497
40113,"OSAGE",1996,2,8497.58333333333
40113,"OSAGE",1996,3,8498.16666666667
40113,"OSAGE",1996,4,8498.75
40113,"OSAGE",1996,5,8499.33333333333
40113,"OSAGE",1996,6,8499.91666666667
40113,"OSAGE",1996,7,8500.5
40113,"OSAGE",1996,8,8501.08333333333
40113,"OSAGE",1996,9,8501.66666666667
40113,"OSAGE",1996,10,8502.25
40113,"OSAGE",1996,11,8502.83333333333
40113,"OSAGE",1996,12,8503.41666666667
40113,"OSAGE",1997,1,8504
40113,"OSAGE",1997,2,8508.16666666666
40113,"OSAGE",1997,3,8512.33333333334
40113,"OSAGE",1997,4,8516.5
40113,"OSAGE",1997,5,8520.66666666666
40113,"OSAGE",1997,6,8524.83333333334
40113,"OSAGE",1997,7,8529
40113,"OSAGE",1997,8,8533.16666666666
40113,"OSAGE",1997,9,8537.33333333334
40113,"OSAGE",1997,10,8541.5
40113,"OSAGE",1997,11,8545.66666666666
40113,"OSAGE",1997,12,8549.83333333334
40113,"OSAGE",1998,1,8554
40113,"OSAGE",1998,2,8550.08333333334
40113,"OSAGE",1998,3,8546.16666666666
40113,"OSAGE",1998,4,8542.25
40113,"OSAGE",1998,5,8538.33333333334
40113,"OSAGE",1998,6,8534.41666666666
40113,"OSAGE",1998,7,8530.5
40113,"OSAGE",1998,8,8526.58333333334
40113,"OSAGE",1998,9,8522.66666666666
40113,"OSAGE",1998,10,8518.75
40113,"OSAGE",1998,11,8514.83333333334
40113,"OSAGE",1998,12,8510.91666666666
40113,"OSAGE",1999,1,8507
40113,"OSAGE",1999,2,8505.16666666667
40113,"OSAGE",1999,3,8503.33333333333
40113,"OSAGE",1999,4,8501.5
40113,"OSAGE",1999,5,8499.66666666667
40113,"OSAGE",1999,6,8497.83333333333
40113,"OSAGE",1999,7,8496
40113,"OSAGE",1999,8,8494.16666666667
40113,"OSAGE",1999,9,8492.33333333333
40113,"OSAGE",1999,10,8490.5
40113,"OSAGE",1999,11,8488.66666666667
40113,"OSAGE",1999,12,8486.83333333333
40125,"POTTAWATOMIE",1990,1,13100
40125,"POTTAWATOMIE",1990,2,13102.0833333333
40125,"POTTAWATOMIE",1990,3,13104.1666666667
40125,"POTTAWATOMIE",1990,4,13106.25
40125,"POTTAWATOMIE",1990,5,13108.3333333333
40125,"POTTAWATOMIE",1990,6,13110.4166666667
40125,"POTTAWATOMIE",1990,7,13112.5
40125,"POTTAWATOMIE",1990,8,13114.5833333333
40125,"POTTAWATOMIE",1990,9,13116.6666666667
40125,"POTTAWATOMIE",1990,10,13118.75
40125,"POTTAWATOMIE",1990,11,13120.8333333333
40125,"POTTAWATOMIE",1990,12,13122.9166666667
40125,"POTTAWATOMIE",1991,1,13125
40125,"POTTAWATOMIE",1991,2,13130.3333333333
40125,"POTTAWATOMIE",1991,3,13135.6666666667
40125,"POTTAWATOMIE",1991,4,13141
40125,"POTTAWATOMIE",1991,5,13146.3333333333
40125,"POTTAWATOMIE",1991,6,13151.6666666667
40125,"POTTAWATOMIE",1991,7,13157
40125,"POTTAWATOMIE",1991,8,13162.3333333333
40125,"POTTAWATOMIE",1991,9,13167.6666666667
40125,"POTTAWATOMIE",1991,10,13173
40125,"POTTAWATOMIE",1991,11,13178.3333333333
40125,"POTTAWATOMIE",1991,12,13183.6666666667
40125,"POTTAWATOMIE",1992,1,13189
40125,"POTTAWATOMIE",1992,2,13207
40125,"POTTAWATOMIE",1992,3,13225
40125,"POTTAWATOMIE",1992,4,13243
40125,"POTTAWATOMIE",1992,5,13261
40125,"POTTAWATOMIE",1992,6,13279
40125,"POTTAWATOMIE",1992,7,13297
40125,"POTTAWATOMIE",1992,8,13315
40125,"POTTAWATOMIE",1992,9,13333
40125,"POTTAWATOMIE",1992,10,13351
40125,"POTTAWATOMIE",1992,11,13369
40125,"POTTAWATOMIE",1992,12,13387
40125,"POTTAWATOMIE",1993,1,13405
40125,"POTTAWATOMIE",1993,2,13396.25
40125,"POTTAWATOMIE",1993,3,13387.5
40125,"POTTAWATOMIE",1993,4,13378.75
40125,"POTTAWATOMIE",1993,5,13370
40125,"POTTAWATOMIE",1993,6,13361.25
40125,"POTTAWATOMIE",1993,7,13352.5
40125,"POTTAWATOMIE",1993,8,13343.75
40125,"POTTAWATOMIE",1993,9,13335
40125,"POTTAWATOMIE",1993,10,13326.25
40125,"POTTAWATOMIE",1993,11,13317.5
40125,"POTTAWATOMIE",1993,12,13308.75
40125,"POTTAWATOMIE",1994,1,13300
40125,"POTTAWATOMIE",1994,2,13318.6666666666
40125,"POTTAWATOMIE",1994,3,13337.3333333334
40125,"POTTAWATOMIE",1994,4,13356
40125,"POTTAWATOMIE",1994,5,13374.6666666666
40125,"POTTAWATOMIE",1994,6,13393.3333333334
40125,"POTTAWATOMIE",1994,7,13412
40125,"POTTAWATOMIE",1994,8,13430.6666666666
40125,"POTTAWATOMIE",1994,9,13449.3333333334
40125,"POTTAWATOMIE",1994,10,13468
40125,"POTTAWATOMIE",1994,11,13486.6666666666
40125,"POTTAWATOMIE",1994,12,13505.3333333334
40125,"POTTAWATOMIE",1995,1,13524
40125,"POTTAWATOMIE",1995,2,13548.8333333333
40125,"POTTAWATOMIE",1995,3,13573.6666666667
40125,"POTTAWATOMIE",1995,4,13598.5
40125,"POTTAWATOMIE",1995,5,13623.3333333333
40125,"POTTAWATOMIE",1995,6,13648.1666666667
40125,"POTTAWATOMIE",1995,7,13673
40125,"POTTAWATOMIE",1995,8,13697.8333333333
40125,"POTTAWATOMIE",1995,9,13722.6666666667
40125,"POTTAWATOMIE",1995,10,13747.5
40125,"POTTAWATOMIE",1995,11,13772.3333333333
40125,"POTTAWATOMIE",1995,12,13797.1666666667
40125,"POTTAWATOMIE",1996,1,13822
40125,"POTTAWATOMIE",1996,2,13812.9166666667
40125,"POTTAWATOMIE",1996,3,13803.8333333333
40125,"POTTAWATOMIE",1996,4,13794.75
40125,"POTTAWATOMIE",1996,5,13785.6666666667
40125,"POTTAWATOMIE",1996,6,13776.5833333333
40125,"POTTAWATOMIE",1996,7,13767.5
40125,"POTTAWATOMIE",1996,8,13758.4166666667
40125,"POTTAWATOMIE",1996,9,13749.3333333333
40125,"POTTAWATOMIE",1996,10,13740.25
40125,"POTTAWATOMIE",1996,11,13731.1666666667
40125,"POTTAWATOMIE",1996,12,13722.0833333333
40125,"POTTAWATOMIE",1997,1,13713
40125,"POTTAWATOMIE",1997,2,13746.8333333333
40125,"POTTAWATOMIE",1997,3,13780.6666666667
40125,"POTTAWATOMIE",1997,4,13814.5
40125,"POTTAWATOMIE",1997,5,13848.3333333333
40125,"POTTAWATOMIE",1997,6,13882.1666666667
40125,"POTTAWATOMIE",1997,7,13916
40125,"POTTAWATOMIE",1997,8,13949.8333333333
40125,"POTTAWATOMIE",1997,9,13983.6666666667
40125,"POTTAWATOMIE",1997,10,14017.5
40125,"POTTAWATOMIE",1997,11,14051.3333333333
40125,"POTTAWATOMIE",1997,12,14085.1666666667
40125,"POTTAWATOMIE",1998,1,14119
40125,"POTTAWATOMIE",1998,2,14125.1666666667
40125,"POTTAWATOMIE",1998,3,14131.3333333333
40125,"POTTAWATOMIE",1998,4,14137.5
40125,"POTTAWATOMIE",1998,5,14143.6666666667
40125,"POTTAWATOMIE",1998,6,14149.8333333333
40125,"POTTAWATOMIE",1998,7,14156
40125,"POTTAWATOMIE",1998,8,14162.1666666667
40125,"POTTAWATOMIE",1998,9,14168.3333333333
40125,"POTTAWATOMIE",1998,10,14174.5
40125,"POTTAWATOMIE",1998,11,14180.6666666667
40125,"POTTAWATOMIE",1998,12,14186.8333333333
40125,"POTTAWATOMIE",1999,1,14193
40125,"POTTAWATOMIE",1999,2,14202.5
40125,"POTTAWATOMIE",1999,3,14212
40125,"POTTAWATOMIE",1999,4,14221.5
40125,"POTTAWATOMIE",1999,5,14231
40125,"POTTAWATOMIE",1999,6,14240.5
40125,"POTTAWATOMIE",1999,7,14250
40125,"POTTAWATOMIE",1999,8,14259.5
40125,"POTTAWATOMIE",1999,9,14269
40125,"POTTAWATOMIE",1999,10,14278.5
40125,"POTTAWATOMIE",1999,11,14288
40125,"POTTAWATOMIE",1999,12,14297.5
40131,"ROGERS",1990,1,12420
40131,"ROGERS",1990,2,12436.1666666667
40131,"ROGERS",1990,3,12452.3333333333
40131,"ROGERS",1990,4,12468.5
40131,"ROGERS",1990,5,12484.6666666667
40131,"ROGERS",1990,6,12500.8333333333
40131,"ROGERS",1990,7,12517
40131,"ROGERS",1990,8,12533.1666666667
40131,"ROGERS",1990,9,12549.3333333333
40131,"ROGERS",1990,10,12565.5
40131,"ROGERS",1990,11,12581.6666666667
40131,"ROGERS",1990,12,12597.8333333333
40131,"ROGERS",1991,1,12614
40131,"ROGERS",1991,2,12619.6666666667
40131,"ROGERS",1991,3,12625.3333333333
40131,"ROGERS",1991,4,12631
40131,"ROGERS",1991,5,12636.6666666667
40131,"ROGERS",1991,6,12642.3333333333
40131,"ROGERS",1991,7,12648
40131,"ROGERS",1991,8,12653.6666666667
40131,"ROGERS",1991,9,12659.3333333333
40131,"ROGERS",1991,10,12665
40131,"ROGERS",1991,11,12670.6666666667
40131,"ROGERS",1991,12,12676.3333333333
40131,"ROGERS",1992,1,12682
40131,"ROGERS",1992,2,12703.5833333333
40131,"ROGERS",1992,3,12725.1666666667
40131,"ROGERS",1992,4,12746.75
40131,"ROGERS",1992,5,12768.3333333333
40131,"ROGERS",1992,6,12789.9166666667
40131,"ROGERS",1992,7,12811.5
40131,"ROGERS",1992,8,12833.0833333333
40131,"ROGERS",1992,9,12854.6666666667
40131,"ROGERS",1992,10,12876.25
40131,"ROGERS",1992,11,12897.8333333333
40131,"ROGERS",1992,12,12919.4166666667
40131,"ROGERS",1993,1,12941
40131,"ROGERS",1993,2,12946.75
40131,"ROGERS",1993,3,12952.5
40131,"ROGERS",1993,4,12958.25
40131,"ROGERS",1993,5,12964
40131,"ROGERS",1993,6,12969.75
40131,"ROGERS",1993,7,12975.5
40131,"ROGERS",1993,8,12981.25
40131,"ROGERS",1993,9,12987
40131,"ROGERS",1993,10,12992.75
40131,"ROGERS",1993,11,12998.5
40131,"ROGERS",1993,12,13004.25
40131,"ROGERS",1994,1,13010
40131,"ROGERS",1994,2,13024.5
40131,"ROGERS",1994,3,13039
40131,"ROGERS",1994,4,13053.5
40131,"ROGERS",1994,5,13068
40131,"ROGERS",1994,6,13082.5
40131,"ROGERS",1994,7,13097
40131,"ROGERS",1994,8,13111.5
40131,"ROGERS",1994,9,13126
40131,"ROGERS",1994,10,13140.5
40131,"ROGERS",1994,11,13155
40131,"ROGERS",1994,12,13169.5
40131,"ROGERS",1995,1,13184
40131,"ROGERS",1995,2,13205.75
40131,"ROGERS",1995,3,13227.5
40131,"ROGERS",1995,4,13249.25
40131,"ROGERS",1995,5,13271
40131,"ROGERS",1995,6,13292.75
40131,"ROGERS",1995,7,13314.5
40131,"ROGERS",1995,8,13336.25
40131,"ROGERS",1995,9,13358
40131,"ROGERS",1995,10,13379.75
40131,"ROGERS",1995,11,13401.5
40131,"ROGERS",1995,12,13423.25
40131,"ROGERS",1996,1,13445
40131,"ROGERS",1996,2,13471.75
40131,"ROGERS",1996,3,13498.5
40131,"ROGERS",1996,4,13525.25
40131,"ROGERS",1996,5,13552
40131,"ROGERS",1996,6,13578.75
40131,"ROGERS",1996,7,13605.5
40131,"ROGERS",1996,8,13632.25
40131,"ROGERS",1996,9,13659
40131,"ROGERS",1996,10,13685.75
40131,"ROGERS",1996,11,13712.5
40131,"ROGERS",1996,12,13739.25
40131,"ROGERS",1997,1,13766
40131,"ROGERS",1997,2,13795.8333333333
40131,"ROGERS",1997,3,13825.6666666667
40131,"ROGERS",1997,4,13855.5
40131,"ROGERS",1997,5,13885.3333333333
40131,"ROGERS",1997,6,13915.1666666667
40131,"ROGERS",1997,7,13945
40131,"ROGERS",1997,8,13974.8333333333
40131,"ROGERS",1997,9,14004.6666666667
40131,"ROGERS",1997,10,14034.5
40131,"ROGERS",1997,11,14064.3333333333
40131,"ROGERS",1997,12,14094.1666666667
40131,"ROGERS",1998,1,14124
40131,"ROGERS",1998,2,14154.5833333333
40131,"ROGERS",1998,3,14185.1666666667
40131,"ROGERS",1998,4,14215.75
40131,"ROGERS",1998,5,14246.3333333333
40131,"ROGERS",1998,6,14276.9166666667
40131,"ROGERS",1998,7,14307.5
40131,"ROGERS",1998,8,14338.0833333333
40131,"ROGERS",1998,9,14368.6666666667
40131,"ROGERS",1998,10,14399.25
40131,"ROGERS",1998,11,14429.8333333333
40131,"ROGERS",1998,12,14460.4166666667
40131,"ROGERS",1999,1,14491
40131,"ROGERS",1999,2,14528.5833333333
40131,"ROGERS",1999,3,14566.1666666667
40131,"ROGERS",1999,4,14603.75
40131,"ROGERS",1999,5,14641.3333333333
40131,"ROGERS",1999,6,14678.9166666667
40131,"ROGERS",1999,7,14716.5
40131,"ROGERS",1999,8,14754.0833333333
40131,"ROGERS",1999,9,14791.6666666667
40131,"ROGERS",1999,10,14829.25
40131,"ROGERS",1999,11,14866.8333333333
40131,"ROGERS",1999,12,14904.4166666667
40143,"TULSA",1990,1,121624
40143,"TULSA",1990,2,121760.166666667
40143,"TULSA",1990,3,121896.333333333
40143,"TULSA",1990,4,122032.5
40143,"TULSA",1990,5,122168.666666667
40143,"TULSA",1990,6,122304.833333333
40143,"TULSA",1990,7,122441
40143,"TULSA",1990,8,122577.166666667
40143,"TULSA",1990,9,122713.333333333
40143,"TULSA",1990,10,122849.5
40143,"TULSA",1990,11,122985.666666667
40143,"TULSA",1990,12,123121.833333333
40143,"TULSA",1991,1,123258
40143,"TULSA",1991,2,123280.166666667
40143,"TULSA",1991,3,123302.333333333
40143,"TULSA",1991,4,123324.5
40143,"TULSA",1991,5,123346.666666667
40143,"TULSA",1991,6,123368.833333333
40143,"TULSA",1991,7,123391
40143,"TULSA",1991,8,123413.166666667
40143,"TULSA",1991,9,123435.333333333
40143,"TULSA",1991,10,123457.5
40143,"TULSA",1991,11,123479.666666667
40143,"TULSA",1991,12,123501.833333333
40143,"TULSA",1992,1,123524
40143,"TULSA",1992,2,123517.666666667
40143,"TULSA",1992,3,123511.333333333
40143,"TULSA",1992,4,123505
40143,"TULSA",1992,5,123498.666666667
40143,"TULSA",1992,6,123492.333333333
40143,"TULSA",1992,7,123486
40143,"TULSA",1992,8,123479.666666667
40143,"TULSA",1992,9,123473.333333333
40143,"TULSA",1992,10,123467
40143,"TULSA",1992,11,123460.666666667
40143,"TULSA",1992,12,123454.333333333
40143,"TULSA",1993,1,123448
40143,"TULSA",1993,2,123407.75
40143,"TULSA",1993,3,123367.5
40143,"TULSA",1993,4,123327.25
40143,"TULSA",1993,5,123287
40143,"TULSA",1993,6,123246.75
40143,"TULSA",1993,7,123206.5
40143,"TULSA",1993,8,123166.25
40143,"TULSA",1993,9,123126
40143,"TULSA",1993,10,123085.75
40143,"TULSA",1993,11,123045.5
40143,"TULSA",1993,12,123005.25
40143,"TULSA",1994,1,122965
40143,"TULSA",1994,2,122917.5
40143,"TULSA",1994,3,122870
40143,"TULSA",1994,4,122822.5
40143,"TULSA",1994,5,122775
40143,"TULSA",1994,6,122727.5
40143,"TULSA",1994,7,122680
40143,"TULSA",1994,8,122632.5
40143,"TULSA",1994,9,122585
40143,"TULSA",1994,10,122537.5
40143,"TULSA",1994,11,122490
40143,"TULSA",1994,12,122442.5
40143,"TULSA",1995,1,122395
40143,"TULSA",1995,2,122467.666666667
40143,"TULSA",1995,3,122540.333333333
40143,"TULSA",1995,4,122613
40143,"TULSA",1995,5,122685.666666667
40143,"TULSA",1995,6,122758.333333333
40143,"TULSA",1995,7,122831
40143,"TULSA",1995,8,122903.666666667
40143,"TULSA",1995,9,122976.333333333
40143,"TULSA",1995,10,123049
40143,"TULSA",1995,11,123121.666666667
40143,"TULSA",1995,12,123194.333333333
40143,"TULSA",1996,1,123267
40143,"TULSA",1996,2,123352.833333333
40143,"TULSA",1996,3,123438.666666667
40143,"TULSA",1996,4,123524.5
40143,"TULSA",1996,5,123610.333333333
40143,"TULSA",1996,6,123696.166666667
40143,"TULSA",1996,7,123782
40143,"TULSA",1996,8,123867.833333333
40143,"TULSA",1996,9,123953.666666667
40143,"TULSA",1996,10,124039.5
40143,"TULSA",1996,11,124125.333333333
40143,"TULSA",1996,12,124211.166666667
40143,"TULSA",1997,1,124297
40143,"TULSA",1997,2,124376.083333333
40143,"TULSA",1997,3,124455.166666667
40143,"TULSA",1997,4,124534.25
40143,"TULSA",1997,5,124613.333333333
40143,"TULSA",1997,6,124692.416666667
40143,"TULSA",1997,7,124771.5
40143,"TULSA",1997,8,124850.583333333
40143,"TULSA",1997,9,124929.666666667
40143,"TULSA",1997,10,125008.75
40143,"TULSA",1997,11,125087.833333333
40143,"TULSA",1997,12,125166.916666667
40143,"TULSA",1998,1,125246
40143,"TULSA",1998,2,125314.25
40143,"TULSA",1998,3,125382.5
40143,"TULSA",1998,4,125450.75
40143,"TULSA",1998,5,125519
40143,"TULSA",1998,6,125587.25
40143,"TULSA",1998,7,125655.5
40143,"TULSA",1998,8,125723.75
40143,"TULSA",1998,9,125792
40143,"TULSA",1998,10,125860.25
40143,"TULSA",1998,11,125928.5
40143,"TULSA",1998,12,125996.75
40143,"TULSA",1999,1,126065
40143,"TULSA",1999,2,126012.333333333
40143,"TULSA",1999,3,125959.666666667
40143,"TULSA",1999,4,125907
40143,"TULSA",1999,5,125854.333333333
40143,"TULSA",1999,6,125801.666666667
40143,"TULSA",1999,7,125749
40143,"TULSA",1999,8,125696.333333333
40143,"TULSA",1999,9,125643.666666667
40143,"TULSA",1999,10,125591
40143,"TULSA",1999,11,125538.333333333
40143,"TULSA",1999,12,125485.666666667
40145,"WAGONER",1990,1,11095
40145,"WAGONER",1990,2,11101
40145,"WAGONER",1990,3,11107
40145,"WAGONER",1990,4,11113
40145,"WAGONER",1990,5,11119
40145,"WAGONER",1990,6,11125
40145,"WAGONER",1990,7,11131
40145,"WAGONER",1990,8,11137
40145,"WAGONER",1990,9,11143
40145,"WAGONER",1990,10,11149
40145,"WAGONER",1990,11,11155
40145,"WAGONER",1990,12,11161
40145,"WAGONER",1991,1,11167
40145,"WAGONER",1991,2,11166.1666666667
40145,"WAGONER",1991,3,11165.3333333333
40145,"WAGONER",1991,4,11164.5
40145,"WAGONER",1991,5,11163.6666666667
40145,"WAGONER",1991,6,11162.8333333333
40145,"WAGONER",1991,7,11162
40145,"WAGONER",1991,8,11161.1666666667
40145,"WAGONER",1991,9,11160.3333333333
40145,"WAGONER",1991,10,11159.5
40145,"WAGONER",1991,11,11158.6666666667
40145,"WAGONER",1991,12,11157.8333333333
40145,"WAGONER",1992,1,11157
40145,"WAGONER",1992,2,11172
40145,"WAGONER",1992,3,11187
40145,"WAGONER",1992,4,11202
40145,"WAGONER",1992,5,11217
40145,"WAGONER",1992,6,11232
40145,"WAGONER",1992,7,11247
40145,"WAGONER",1992,8,11262
40145,"WAGONER",1992,9,11277
40145,"WAGONER",1992,10,11292
40145,"WAGONER",1992,11,11307
40145,"WAGONER",1992,12,11322
40145,"WAGONER",1993,1,11337
40145,"WAGONER",1993,2,11344.6666666667
40145,"WAGONER",1993,3,11352.3333333333
40145,"WAGONER",1993,4,11360
40145,"WAGONER",1993,5,11367.6666666667
40145,"WAGONER",1993,6,11375.3333333333
40145,"WAGONER",1993,7,11383
40145,"WAGONER",1993,8,11390.6666666667
40145,"WAGONER",1993,9,11398.3333333333
40145,"WAGONER",1993,10,11406
40145,"WAGONER",1993,11,11413.6666666667
40145,"WAGONER",1993,12,11421.3333333333
40145,"WAGONER",1994,1,11429
40145,"WAGONER",1994,2,11437.4166666667
40145,"WAGONER",1994,3,11445.8333333333
40145,"WAGONER",1994,4,11454.25
40145,"WAGONER",1994,5,11462.6666666667
40145,"WAGONER",1994,6,11471.0833333333
40145,"WAGONER",1994,7,11479.5
40145,"WAGONER",1994,8,11487.9166666667
40145,"WAGONER",1994,9,11496.3333333333
40145,"WAGONER",1994,10,11504.75
40145,"WAGONER",1994,11,11513.1666666667
40145,"WAGONER",1994,12,11521.5833333333
40145,"WAGONER",1995,1,11530
40145,"WAGONER",1995,2,11547.75
40145,"WAGONER",1995,3,11565.5
40145,"WAGONER",1995,4,11583.25
40145,"WAGONER",1995,5,11601
40145,"WAGONER",1995,6,11618.75
40145,"WAGONER",1995,7,11636.5
40145,"WAGONER",1995,8,11654.25
40145,"WAGONER",1995,9,11672
40145,"WAGONER",1995,10,11689.75
40145,"WAGONER",1995,11,11707.5
40145,"WAGONER",1995,12,11725.25
40145,"WAGONER",1996,1,11743
40145,"WAGONER",1996,2,11752
40145,"WAGONER",1996,3,11761
40145,"WAGONER",1996,4,11770
40145,"WAGONER",1996,5,11779
40145,"WAGONER",1996,6,11788
40145,"WAGONER",1996,7,11797
40145,"WAGONER",1996,8,11806
40145,"WAGONER",1996,9,11815
40145,"WAGONER",1996,10,11824
40145,"WAGONER",1996,11,11833
40145,"WAGONER",1996,12,11842
40145,"WAGONER",1997,1,11851
40145,"WAGONER",1997,2,11861.9166666667
40145,"WAGONER",1997,3,11872.8333333333
40145,"WAGONER",1997,4,11883.75
40145,"WAGONER",1997,5,11894.6666666667
40145,"WAGONER",1997,6,11905.5833333333
40145,"WAGONER",1997,7,11916.5
40145,"WAGONER",1997,8,11927.4166666667
40145,"WAGONER",1997,9,11938.3333333333
40145,"WAGONER",1997,10,11949.25
40145,"WAGONER",1997,11,11960.1666666667
40145,"WAGONER",1997,12,11971.0833333333
40145,"WAGONER",1998,1,11982
40145,"WAGONER",1998,2,11988
40145,"WAGONER",1998,3,11994
40145,"WAGONER",1998,4,12000
40145,"WAGONER",1998,5,12006
40145,"WAGONER",1998,6,12012
40145,"WAGONER",1998,7,12018
40145,"WAGONER",1998,8,12024
40145,"WAGONER",1998,9,12030
40145,"WAGONER",1998,10,12036
40145,"WAGONER",1998,11,12042
40145,"WAGONER",1998,12,12048
40145,"WAGONER",1999,1,12054
40145,"WAGONER",1999,2,12056.75
40145,"WAGONER",1999,3,12059.5
40145,"WAGONER",1999,4,12062.25
40145,"WAGONER",1999,5,12065
40145,"WAGONER",1999,6,12067.75
40145,"WAGONER",1999,7,12070.5
40145,"WAGONER",1999,8,12073.25
40145,"WAGONER",1999,9,12076
40145,"WAGONER",1999,10,12078.75
40145,"WAGONER",1999,11,12081.5
40145,"WAGONER",1999,12,12084.25
