"Fips","CountyName","Year","Month","FecundPopulation","BirthCount","Date","Gfr"
40017,"canadian",1990,1,17609,80,1990-01-15,4.54313135328525
40017,"canadian",1990,2,17623.4166666667,89,1990-02-15,5.05009906327281
40017,"canadian",1990,3,17637.8333333333,89,1990-03-15,5.04597125497275
40017,"canadian",1990,4,17652.25,87,1990-04-15,4.92855018482063
40017,"canadian",1990,5,17666.6666666667,86,1990-05-15,4.86792452830188
40017,"canadian",1990,6,17681.0833333333,95,1990-06-15,5.3729739410764
40017,"canadian",1990,7,17695.5,98,1990-07-15,5.5381311632901
40017,"canadian",1990,8,17709.9166666667,95,1990-08-15,5.36422625741697
40017,"canadian",1990,9,17724.3333333333,88,1990-09-15,4.96492580821094
40017,"canadian",1990,10,17738.75,100,1990-10-15,5.63737580156437
40017,"canadian",1990,11,17753.1666666667,89,1990-11-15,5.01319013509326
40017,"canadian",1990,12,17767.5833333333,87,1990-12-15,4.89655786990353
40017,"canadian",1991,1,17782,78,1991-01-15,4.38645821617366
40017,"canadian",1991,2,17783.8333333333,71,1991-02-15,3.99239009212488
40017,"canadian",1991,3,17785.6666666667,85,1991-03-15,4.77912926139025
40017,"canadian",1991,4,17787.5,96,1991-04-15,5.39704848910752
40017,"canadian",1991,5,17789.3333333333,85,1991-05-15,4.77814420626594
40017,"canadian",1991,6,17791.1666666667,84,1991-06-15,4.72144416236521
40017,"canadian",1991,7,17793,88,1991-07-15,4.9457651885573
40017,"canadian",1991,8,17794.8333333333,85,1991-08-15,4.77666738472779
40017,"canadian",1991,9,17796.6666666667,88,1991-09-15,4.94474620715489
40017,"canadian",1991,10,17798.5,96,1991-10-15,5.39371295333877
40017,"canadian",1991,11,17800.3333333333,71,1991-11-15,3.9886893503867
40017,"canadian",1991,12,17802.1666666667,93,1991-12-15,5.22408321084511
40017,"canadian",1992,1,17804,75,1992-01-15,4.21253650864974
40017,"canadian",1992,2,17820.3333333333,70,1992-02-15,3.92809711752493
40017,"canadian",1992,3,17836.6666666667,77,1992-03-15,4.31695010278452
40017,"canadian",1992,4,17853,66,1992-04-15,3.69685767097967
40017,"canadian",1992,5,17869.3333333333,83,1992-05-15,4.64482912998061
40017,"canadian",1992,6,17885.6666666667,77,1992-06-15,4.30512328307583
40017,"canadian",1992,7,17902,98,1992-07-15,5.47424868729751
40017,"canadian",1992,8,17918.3333333333,71,1992-08-15,3.96242210026975
40017,"canadian",1992,9,17934.6666666667,93,1992-09-15,5.18548806780164
40017,"canadian",1992,10,17951,80,1992-10-15,4.45657623530723
40017,"canadian",1992,11,17967.3333333333,66,1992-11-15,3.67333308597084
40017,"canadian",1992,12,17983.6666666667,86,1992-12-15,4.78211710626308
40017,"canadian",1993,1,18000,82,1993-01-15,4.55555555555556
40017,"canadian",1993,2,18012.4166666667,68,1993-02-15,3.7751736070951
40017,"canadian",1993,3,18024.8333333333,79,1993-03-15,4.38284218994166
40017,"canadian",1993,4,18037.25,76,1993-04-15,4.21350261264882
40017,"canadian",1993,5,18049.6666666667,96,1993-05-15,5.31865777761361
40017,"canadian",1993,6,18062.0833333333,96,1993-06-15,5.3150014994579
40017,"canadian",1993,7,18074.5,79,1993-07-15,4.3707986389665
40017,"canadian",1993,8,18086.9166666667,78,1993-08-15,4.31250950272526
40017,"canadian",1993,9,18099.3333333333,91,1993-09-15,5.02780949574571
40017,"canadian",1993,10,18111.75,71,1993-10-15,3.9201071127859
40017,"canadian",1993,11,18124.1666666667,78,1993-11-15,4.30364614465032
40017,"canadian",1993,12,18136.5833333333,88,1993-12-15,4.85207154967631
40017,"canadian",1994,1,18149,86,1994-01-15,4.73855308832443
40017,"canadian",1994,2,18163.3333333333,84,1994-02-15,4.62470178014315
40017,"canadian",1994,3,18177.6666666667,84,1994-03-15,4.62105514092384
40017,"canadian",1994,4,18192,68,1994-04-15,3.73790677220756
40017,"canadian",1994,5,18206.3333333333,83,1994-05-15,4.55885314634102
40017,"canadian",1994,6,18220.6666666667,102,1994-06-15,5.59803885697558
40017,"canadian",1994,7,18235,83,1994-07-15,4.55168631752125
40017,"canadian",1994,8,18249.3333333333,94,1994-08-15,5.15087309125448
40017,"canadian",1994,9,18263.6666666667,103,1994-09-15,5.63961234509316
40017,"canadian",1994,10,18278,83,1994-10-15,4.54097822518875
40017,"canadian",1994,11,18292.3333333333,85,1994-11-15,4.64675547132679
40017,"canadian",1994,12,18306.6666666667,93,1994-12-15,5.0801165331391
40017,"canadian",1995,1,18321,68,1995-01-15,3.71158779542601
40017,"canadian",1995,2,18344.9166666666,58,1995-02-15,3.16163878276908
40017,"canadian",1995,3,18368.8333333334,78,1995-03-15,4.24632302904374
40017,"canadian",1995,4,18392.75,86,1995-04-15,4.67575539274986
40017,"canadian",1995,5,18416.6666666666,86,1995-05-15,4.66968325791857
40017,"canadian",1995,6,18440.5833333334,81,1995-06-15,4.39248577638992
40017,"canadian",1995,7,18464.5,90,1995-07-15,4.87421809418073
40017,"canadian",1995,8,18488.4166666666,87,1995-08-15,4.70564903250235
40017,"canadian",1995,9,18512.3333333334,96,1995-09-15,5.1857320344995
40017,"canadian",1995,10,18536.25,94,1995-10-15,5.07114437925686
40017,"canadian",1995,11,18560.1666666666,76,1995-11-15,4.09479081545605
40017,"canadian",1995,12,18584.0833333334,91,1995-12-15,4.896663363362
40017,"canadian",1996,1,18608,76,1996-01-15,4.08426483233018
40017,"canadian",1996,2,18619.5833333333,63,1996-02-15,3.38353436122363
40017,"canadian",1996,3,18631.1666666667,83,1996-03-15,4.45490083820121
40017,"canadian",1996,4,18642.75,79,1996-04-15,4.23757224658379
40017,"canadian",1996,5,18654.3333333333,92,1996-05-15,4.93182995908012
40017,"canadian",1996,6,18665.9166666667,81,1996-06-15,4.33946006759199
40017,"canadian",1996,7,18677.5,81,1996-07-15,4.33676883951278
40017,"canadian",1996,8,18689.0833333333,82,1996-08-15,4.38758811962421
40017,"canadian",1996,9,18700.6666666667,76,1996-09-15,4.06402623792377
40017,"canadian",1996,10,18712.25,89,1996-10-15,4.75624256837099
40017,"canadian",1996,11,18723.8333333333,64,1996-11-15,3.41810348664359
40017,"canadian",1996,12,18735.4166666667,86,1996-12-15,4.59023685088401
40017,"canadian",1997,1,18747,75,1997-01-15,4.00064010241639
40017,"canadian",1997,2,18751.0833333333,84,1997-02-15,4.47974117051016
40017,"canadian",1997,3,18755.1666666667,86,1997-03-15,4.5854031333588
40017,"canadian",1997,4,18759.25,70,1997-04-15,3.7314924637179
40017,"canadian",1997,5,18763.3333333333,83,1997-05-15,4.42352105169658
40017,"canadian",1997,6,18767.4166666667,92,1997-06-15,4.90211314823119
40017,"canadian",1997,7,18771.5,110,1997-07-15,5.85994726047466
40017,"canadian",1997,8,18775.5833333333,110,1997-08-15,5.85867283306778
40017,"canadian",1997,9,18779.6666666667,101,1997-09-15,5.37815722678783
40017,"canadian",1997,10,18783.75,87,1997-10-15,4.63166300658814
40017,"canadian",1997,11,18787.8333333333,84,1997-11-15,4.4709785588191
40017,"canadian",1997,12,18791.9166666667,86,1997-12-15,4.57643579021121
40017,"canadian",1998,1,18796,77,1998-01-15,4.09661630134071
40017,"canadian",1998,2,18800,70,1998-02-15,3.72340425531915
40017,"canadian",1998,3,18804,92,1998-03-15,4.89257604764944
40017,"canadian",1998,4,18808,103,1998-04-15,5.476393024245
40017,"canadian",1998,5,18812,96,1998-05-15,5.10312566446949
40017,"canadian",1998,6,18816,88,1998-06-15,4.67687074829932
40017,"canadian",1998,7,18820,99,1998-07-15,5.26036131774708
40017,"canadian",1998,8,18824,103,1998-08-15,5.47173820654484
40017,"canadian",1998,9,18828,97,1998-09-15,5.15190142341194
40017,"canadian",1998,10,18832,72,1998-10-15,3.8232795242141
40017,"canadian",1998,11,18836,75,1998-11-15,3.9817370991718
40017,"canadian",1998,12,18840,87,1998-12-15,4.61783439490446
40017,"canadian",1999,1,18844,81,1999-01-15,4.29845043515177
40017,"canadian",1999,2,18862.1666666666,83,1999-02-15,4.40034283795607
40017,"canadian",1999,3,18880.3333333334,80,1999-03-15,4.2372133260359
40017,"canadian",1999,4,18898.5,75,1999-04-15,3.96856893404238
40017,"canadian",1999,5,18916.6666666666,93,1999-05-15,4.91629955947138
40017,"canadian",1999,6,18934.8333333334,80,1999-06-15,4.2250173841861
40017,"canadian",1999,7,18953,95,1999-07-15,5.01239909249195
40017,"canadian",1999,8,18971.1666666666,94,1999-08-15,4.95488768042733
40017,"canadian",1999,9,18989.3333333334,94,1999-09-15,4.95014745120066
40017,"canadian",1999,10,19007.5,85,1999-10-15,4.47191897935026
40017,"canadian",1999,11,19025.6666666666,82,1999-11-15,4.30996723724094
40017,"canadian",1999,12,19043.8333333334,104,1999-12-15,5.46108539072139
40027,"cleveland",1990,1,46429,163,1990-01-15,3.51073682396778
40027,"cleveland",1990,2,46477.4166666666,166,1990-02-15,3.57162708053553
40027,"cleveland",1990,3,46525.8333333334,196,1990-03-15,4.21271336712578
40027,"cleveland",1990,4,46574.25,170,1990-04-15,3.65008561597879
40027,"cleveland",1990,5,46622.6666666666,169,1990-05-15,3.62484628363886
40027,"cleveland",1990,6,46671.0833333334,173,1990-06-15,3.70679203575375
40027,"cleveland",1990,7,46719.5,215,1990-07-15,4.60193281178095
40027,"cleveland",1990,8,46767.9166666666,203,1990-08-15,4.34058248621296
40027,"cleveland",1990,9,46816.3333333334,170,1990-09-15,3.63121132937934
40027,"cleveland",1990,10,46864.75,187,1990-10-15,3.99020585834769
40027,"cleveland",1990,11,46913.1666666666,204,1990-11-15,4.34845938773408
40027,"cleveland",1990,12,46961.5833333334,163,1990-12-15,3.47092215445603
40027,"cleveland",1991,1,47010,183,1991-01-15,3.89278876834716
40027,"cleveland",1991,2,47034.3333333333,165,1991-02-15,3.50807566104194
40027,"cleveland",1991,3,47058.6666666667,174,1991-03-15,3.69751232504108
40027,"cleveland",1991,4,47083,201,1991-04-15,4.26905677208334
40027,"cleveland",1991,5,47107.3333333333,199,1991-05-15,4.22439535245751
40027,"cleveland",1991,6,47131.6666666667,184,1991-06-15,3.90395699989391
40027,"cleveland",1991,7,47156,233,1991-07-15,4.94104673848503
40027,"cleveland",1991,8,47180.3333333333,190,1991-08-15,4.02710168785017
40027,"cleveland",1991,9,47204.6666666667,230,1991-09-15,4.87239962150634
40027,"cleveland",1991,10,47229,188,1991-10-15,3.9806051366745
40027,"cleveland",1991,11,47253.3333333333,170,1991-11-15,3.59762979683973
40027,"cleveland",1991,12,47277.6666666667,217,1991-12-15,4.589905029154
40027,"cleveland",1992,1,47302,210,1992-01-15,4.43955858103251
40027,"cleveland",1992,2,47349.5833333333,181,1992-02-15,3.8226313149535
40027,"cleveland",1992,3,47397.1666666667,177,1992-03-15,3.73440043884479
40027,"cleveland",1992,4,47444.75,194,1992-04-15,4.08896664014459
40027,"cleveland",1992,5,47492.3333333333,179,1992-05-15,3.76902938719934
40027,"cleveland",1992,6,47539.9166666667,202,1992-06-15,4.24906087691221
40027,"cleveland",1992,7,47587.5,194,1992-07-15,4.07670081428947
40027,"cleveland",1992,8,47635.0833333333,205,1992-08-15,4.30355077927508
40027,"cleveland",1992,9,47682.6666666667,195,1992-09-15,4.08953637939712
40027,"cleveland",1992,10,47730.25,173,1992-10-15,3.62453580276659
40027,"cleveland",1992,11,47777.8333333333,164,1992-11-15,3.43255414819285
40027,"cleveland",1992,12,47825.4166666667,182,1992-12-15,3.80550788022408
40027,"cleveland",1993,1,47873,173,1993-01-15,3.6137279886366
40027,"cleveland",1993,2,47927.2499999999,154,1993-02-15,3.21320334465258
40027,"cleveland",1993,3,47981.5000000001,201,1993-03-15,4.1891145545679
40027,"cleveland",1993,4,48035.75,163,1993-04-15,3.39330602728176
40027,"cleveland",1993,5,48089.9999999999,169,1993-05-15,3.51424412559784
40027,"cleveland",1993,6,48144.2500000001,189,1993-06-15,3.9257024462942
40027,"cleveland",1993,7,48198.5,210,1993-07-15,4.35698206375717
40027,"cleveland",1993,8,48252.7499999999,180,1993-08-15,3.7303573371466
40027,"cleveland",1993,9,48307.0000000001,169,1993-09-15,3.49845778044589
40027,"cleveland",1993,10,48361.25,187,1993-10-15,3.86673214608804
40027,"cleveland",1993,11,48415.4999999999,177,1993-11-15,3.65585401369397
40027,"cleveland",1993,12,48469.7500000001,179,1993-12-15,3.69302503107608
40027,"cleveland",1994,1,48524,181,1994-01-15,3.73011293380595
40027,"cleveland",1994,2,48555.0833333333,150,1994-02-15,3.08927489569407
40027,"cleveland",1994,3,48586.1666666667,165,1994-03-15,3.39602836198232
40027,"cleveland",1994,4,48617.25,186,1994-04-15,3.82580257007544
40027,"cleveland",1994,5,48648.3333333333,167,1994-05-15,3.43280002740759
40027,"cleveland",1994,6,48679.4166666667,198,1994-06-15,4.06742754038753
40027,"cleveland",1994,7,48710.5,199,1994-07-15,4.08536147237249
40027,"cleveland",1994,8,48741.5833333333,179,1994-08-15,3.67242891507765
40027,"cleveland",1994,9,48772.6666666667,174,1994-09-15,3.56757200071078
40027,"cleveland",1994,10,48803.75,198,1994-10-15,4.05706528699127
40027,"cleveland",1994,11,48834.8333333333,179,1994-11-15,3.66541642065602
40027,"cleveland",1994,12,48865.9166666667,197,1994-12-15,4.03143977312066
40027,"cleveland",1995,1,48897,193,1995-01-15,3.94707241753073
40027,"cleveland",1995,2,48927.6666666666,155,1995-02-15,3.16794179162438
40027,"cleveland",1995,3,48958.3333333334,175,1995-03-15,3.57446808510638
40027,"cleveland",1995,4,48989,185,1995-04-15,3.77635795790892
40027,"cleveland",1995,5,49019.6666666666,188,1995-05-15,3.83519539776553
40027,"cleveland",1995,6,49050.3333333334,217,1995-06-15,4.42402701986394
40027,"cleveland",1995,7,49081,206,1995-07-15,4.19714349748375
40027,"cleveland",1995,8,49111.6666666666,200,1995-08-15,4.07235212271355
40027,"cleveland",1995,9,49142.3333333334,188,1995-09-15,3.82562217232935
40027,"cleveland",1995,10,49173,205,1995-10-15,4.16895450755496
40027,"cleveland",1995,11,49203.6666666666,181,1995-11-15,3.67858763913259
40027,"cleveland",1995,12,49234.3333333334,159,1995-12-15,3.2294537010081
40027,"cleveland",1996,1,49265,182,1996-01-15,3.69430630264894
40027,"cleveland",1996,2,49343.7499999999,157,1996-02-15,3.18176060797974
40027,"cleveland",1996,3,49422.5000000001,185,1996-03-15,3.74323435682128
40027,"cleveland",1996,4,49501.25,196,1996-04-15,3.95949597232393
40027,"cleveland",1996,5,49579.9999999999,173,1996-05-15,3.48931020572812
40027,"cleveland",1996,6,49658.7500000001,190,1996-06-15,3.82611322274523
40027,"cleveland",1996,7,49737.5,222,1996-07-15,4.46343302337271
40027,"cleveland",1996,8,49816.2499999999,219,1996-08-15,4.39615587283267
40027,"cleveland",1996,9,49895.0000000001,185,1996-09-15,3.7077863513378
40027,"cleveland",1996,10,49973.75,198,1996-10-15,3.96208009204833
40027,"cleveland",1996,11,50052.4999999999,179,1996-11-15,3.57624494281006
40027,"cleveland",1996,12,50131.2500000001,188,1996-12-15,3.75015584091758
40027,"cleveland",1997,1,50210,187,1997-01-15,3.72435769766979
40027,"cleveland",1997,2,50234.6666666666,171,1997-02-15,3.40402378171781
40027,"cleveland",1997,3,50259.3333333334,175,1997-03-15,3.4819403361233
40027,"cleveland",1997,4,50284,219,1997-04-15,4.35526211120834
40027,"cleveland",1997,5,50308.6666666666,184,1997-05-15,3.65742151782993
40027,"cleveland",1997,6,50333.3333333334,218,1997-06-15,4.33112582781456
40027,"cleveland",1997,7,50358,219,1997-07-15,4.34886214702729
40027,"cleveland",1997,8,50382.6666666666,210,1997-08-15,4.16810014025988
40027,"cleveland",1997,9,50407.3333333334,199,1997-09-15,3.9478382774993
40027,"cleveland",1997,10,50432,185,1997-10-15,3.66830583756345
40027,"cleveland",1997,11,50456.6666666666,187,1997-11-15,3.70615049217151
40027,"cleveland",1997,12,50481.3333333334,214,1997-12-15,4.23919072396397
40027,"cleveland",1998,1,50506,196,1998-01-15,3.8807270423316
40027,"cleveland",1998,2,50525.1666666666,195,1998-02-15,3.85946277597633
40027,"cleveland",1998,3,50544.3333333334,198,1998-03-15,3.91735308277221
40027,"cleveland",1998,4,50563.5,212,1998-04-15,4.19274773304854
40027,"cleveland",1998,5,50582.6666666666,199,1998-05-15,3.93415399214488
40027,"cleveland",1998,6,50601.8333333334,188,1998-06-15,3.71528040815385
40027,"cleveland",1998,7,50621,233,1998-07-15,4.60283281642006
40027,"cleveland",1998,8,50640.1666666666,201,1998-08-15,3.96918124940348
40027,"cleveland",1998,9,50659.3333333334,237,1998-09-15,4.67830870257537
40027,"cleveland",1998,10,50678.5,203,1998-10-15,4.00564341880679
40027,"cleveland",1998,11,50697.6666666666,182,1998-11-15,3.58990880579646
40027,"cleveland",1998,12,50716.8333333334,209,1998-12-15,4.12091974722396
40027,"cleveland",1999,1,50736,196,1999-01-15,3.86313465783664
40027,"cleveland",1999,2,50722.6666666667,151,1999-02-15,2.97697281951527
40027,"cleveland",1999,3,50709.3333333333,211,1999-03-15,4.16096970971813
40027,"cleveland",1999,4,50696,190,1999-04-15,3.74783020356636
40027,"cleveland",1999,5,50682.6666666667,213,1999-05-15,4.20262022519204
40027,"cleveland",1999,6,50669.3333333333,190,1999-06-15,3.74980264196622
40027,"cleveland",1999,7,50656,207,1999-07-15,4.08638660770689
40027,"cleveland",1999,8,50642.6666666667,181,1999-08-15,3.57406139750408
40027,"cleveland",1999,9,50629.3333333333,216,1999-09-15,4.26630148530496
40027,"cleveland",1999,10,50616,198,1999-10-15,3.91180654338549
40027,"cleveland",1999,11,50602.6666666667,198,1999-11-15,3.91283726812816
40027,"cleveland",1999,12,50589.3333333333,193,1999-12-15,3.81503347214169
40031,"comanche",1990,1,25634,165,1990-01-15,6.43676367324647
40031,"comanche",1990,2,25627.8333333333,153,1990-02-15,5.97007160183915
40031,"comanche",1990,3,25621.6666666667,198,1990-03-15,7.72783451505886
40031,"comanche",1990,4,25615.5,178,1990-04-15,6.9489176475181
40031,"comanche",1990,5,25609.3333333333,191,1990-05-15,7.45821835789036
40031,"comanche",1990,6,25603.1666666667,184,1990-06-15,7.18661103118754
40031,"comanche",1990,7,25597,192,1990-07-15,7.5008790092589
40031,"comanche",1990,8,25590.8333333333,203,1990-08-15,7.93252792341009
40031,"comanche",1990,9,25584.6666666667,182,1990-09-15,7.11363577142558
40031,"comanche",1990,10,25578.5,174,1990-10-15,6.80258811110894
40031,"comanche",1990,11,25572.3333333333,172,1990-11-15,6.72601900491417
40031,"comanche",1990,12,25566.1666666667,142,1990-12-15,5.55421553224639
40031,"comanche",1991,1,25560,141,1991-01-15,5.51643192488263
40031,"comanche",1991,2,25725.3333333332,159,1991-02-15,6.18067793096303
40031,"comanche",1991,3,25890.6666666668,164,1991-03-15,6.33432897311769
40031,"comanche",1991,4,26056,158,1991-04-15,6.06386245010746
40031,"comanche",1991,5,26221.3333333332,214,1991-05-15,8.16129360317303
40031,"comanche",1991,6,26386.6666666668,162,1991-06-15,6.13946437594742
40031,"comanche",1991,7,26552,153,1991-07-15,5.76227779451642
40031,"comanche",1991,8,26717.3333333332,165,1991-08-15,6.17576604451545
40031,"comanche",1991,9,26882.6666666668,164,1991-09-15,6.10058525939884
40031,"comanche",1991,10,27048,152,1991-10-15,5.61963916001183
40031,"comanche",1991,11,27213.3333333332,136,1991-11-15,4.99755022048018
40031,"comanche",1991,12,27378.6666666668,167,1991-12-15,6.09963962209016
40031,"comanche",1992,1,27544,233,1992-01-15,8.45919256462387
40031,"comanche",1992,2,27503,237,1992-02-15,8.61724175544486
40031,"comanche",1992,3,27462,190,1992-03-15,6.91865122715024
40031,"comanche",1992,4,27421,192,1992-04-15,7.00193282520696
40031,"comanche",1992,5,27380,184,1992-05-15,6.72023374726077
40031,"comanche",1992,6,27339,193,1992-06-15,7.05951205237939
40031,"comanche",1992,7,27298,177,1992-07-15,6.48399150120888
40031,"comanche",1992,8,27257,241,1992-08-15,8.84176541805775
40031,"comanche",1992,9,27216,221,1992-09-15,8.12022339800118
40031,"comanche",1992,10,27175,203,1992-10-15,7.47010119595216
40031,"comanche",1992,11,27134,209,1992-11-15,7.70251345175794
40031,"comanche",1992,12,27093,199,1992-12-15,7.3450706824641
40031,"comanche",1993,1,27052,195,1993-01-15,7.20833949430726
40031,"comanche",1993,2,27042.0833333333,175,1993-02-15,6.47139489376127
40031,"comanche",1993,3,27032.1666666667,197,1993-03-15,7.28761413871128
40031,"comanche",1993,4,27022.25,187,1993-04-15,6.92022314944166
40031,"comanche",1993,5,27012.3333333333,177,1993-05-15,6.55256240976345
40031,"comanche",1993,6,27002.4166666667,176,1993-06-15,6.51793512309083
40031,"comanche",1993,7,26992.5,180,1993-07-15,6.66851903306474
40031,"comanche",1993,8,26982.5833333333,205,1993-08-15,7.5974934448456
40031,"comanche",1993,9,26972.6666666667,199,1993-09-15,7.37783929410019
40031,"comanche",1993,10,26962.75,191,1993-10-15,7.0838471595071
40031,"comanche",1993,11,26952.8333333333,163,1993-11-15,6.04760167453021
40031,"comanche",1993,12,26942.9166666667,163,1993-12-15,6.04982756754248
40031,"comanche",1994,1,26933,192,1994-01-15,7.1288010990235
40031,"comanche",1994,2,26885.4166666667,166,1994-02-15,6.17435102673382
40031,"comanche",1994,3,26837.8333333333,180,1994-03-15,6.70694976618829
40031,"comanche",1994,4,26790.25,155,1994-04-15,5.78568695700861
40031,"comanche",1994,5,26742.6666666667,154,1994-05-15,5.75858802413122
40031,"comanche",1994,6,26695.0833333333,186,1994-06-15,6.96757517770127
40031,"comanche",1994,7,26647.5,164,1994-07-15,6.15442349188479
40031,"comanche",1994,8,26599.9166666667,214,1994-08-15,8.04513798602125
40031,"comanche",1994,9,26552.3333333333,186,1994-09-15,7.00503408363359
40031,"comanche",1994,10,26504.75,173,1994-10-15,6.5271319291825
40031,"comanche",1994,11,26457.1666666667,169,1994-11-15,6.38768323642616
40031,"comanche",1994,12,26409.5833333333,164,1994-12-15,6.2098669990376
40031,"comanche",1995,1,26362,160,1995-01-15,6.06934223503528
40031,"comanche",1995,2,26361.9166666667,156,1995-02-15,5.9176273854645
40031,"comanche",1995,3,26361.8333333333,172,1995-03-15,6.52458415259435
40031,"comanche",1995,4,26361.75,172,1995-04-15,6.52460477775565
40031,"comanche",1995,5,26361.6666666667,140,1995-05-15,5.31074160713156
40031,"comanche",1995,6,26361.5833333333,177,1995-06-15,6.71431597115753
40031,"comanche",1995,7,26361.5,205,1995-07-15,7.77649223299129
40031,"comanche",1995,8,26361.4166666667,171,1995-08-15,6.48675305133449
40031,"comanche",1995,9,26361.3333333333,159,1995-09-15,6.03156137777554
40031,"comanche",1995,10,26361.25,181,1995-10-15,6.86613874531746
40031,"comanche",1995,11,26361.1666666667,163,1995-11-15,6.18333786440913
40031,"comanche",1995,12,26361.0833333333,168,1995-12-15,6.37303095156055
40031,"comanche",1996,1,26361,171,1996-01-15,6.48685558210994
40031,"comanche",1996,2,26337.1666666667,164,1996-02-15,6.22694164773482
40031,"comanche",1996,3,26313.3333333333,166,1996-03-15,6.30858880162149
40031,"comanche",1996,4,26289.5,157,1996-04-15,5.97196599402803
40031,"comanche",1996,5,26265.6666666667,164,1996-05-15,6.24389253397971
40031,"comanche",1996,6,26241.8333333333,145,1996-06-15,5.52552857714464
40031,"comanche",1996,7,26218,176,1996-07-15,6.71294530475246
40031,"comanche",1996,8,26194.1666666667,184,1996-08-15,7.02446473451467
40031,"comanche",1996,9,26170.3333333333,175,1996-09-15,6.68696106278102
40031,"comanche",1996,10,26146.5,177,1996-10-15,6.76954850553611
40031,"comanche",1996,11,26122.6666666667,138,1996-11-15,5.28276847692935
40031,"comanche",1996,12,26098.8333333333,178,1996-12-15,6.82022823497858
40031,"comanche",1997,1,26075,176,1997-01-15,6.74976030680729
40031,"comanche",1997,2,26059.0833333333,168,1997-02-15,6.44688832109086
40031,"comanche",1997,3,26043.1666666667,187,1997-03-15,7.18038640974279
40031,"comanche",1997,4,26027.25,185,1997-04-15,7.10793495278986
40031,"comanche",1997,5,26011.3333333333,188,1997-05-15,7.22761873029706
40031,"comanche",1997,6,25995.4166666667,165,1997-06-15,6.34727275641539
40031,"comanche",1997,7,25979.5,173,1997-07-15,6.65909659539252
40031,"comanche",1997,8,25963.5833333333,185,1997-08-15,7.12536469349699
40031,"comanche",1997,9,25947.6666666667,184,1997-09-15,7.09119638246213
40031,"comanche",1997,10,25931.75,180,1997-10-15,6.94129782988036
40031,"comanche",1997,11,25915.8333333333,169,1997-11-15,6.5211100035371
40031,"comanche",1997,12,25899.9166666667,203,1997-12-15,7.83786305618743
40031,"comanche",1998,1,25884,184,1998-01-15,7.10863854118374
40031,"comanche",1998,2,25853.0833333334,160,1998-02-15,6.188816936729
40031,"comanche",1998,3,25822.1666666666,168,1998-03-15,6.50603809388576
40031,"comanche",1998,4,25791.25,164,1998-04-15,6.3587456986381
40031,"comanche",1998,5,25760.3333333334,166,1998-05-15,6.44401599358185
40031,"comanche",1998,6,25729.4166666666,160,1998-06-15,6.21856305849661
40031,"comanche",1998,7,25698.5,158,1998-07-15,6.14821876763235
40031,"comanche",1998,8,25667.5833333334,196,1998-08-15,7.6360909188308
40031,"comanche",1998,9,25636.6666666666,207,1998-09-15,8.07437264334939
40031,"comanche",1998,10,25605.75,158,1998-10-15,6.17048905031097
40031,"comanche",1998,11,25574.8333333334,151,1998-11-15,5.90424180020722
40031,"comanche",1998,12,25543.9166666666,193,1998-12-15,7.55561500291983
40031,"comanche",1999,1,25513,153,1999-01-15,5.99694273507624
40031,"comanche",1999,2,25480,160,1999-02-15,6.27943485086342
40031,"comanche",1999,3,25447,184,1999-03-15,7.23071481903564
40031,"comanche",1999,4,25414,139,1999-04-15,5.46942630046431
40031,"comanche",1999,5,25381,151,1999-05-15,5.94933217761317
40031,"comanche",1999,6,25348,169,1999-06-15,6.66719267792331
40031,"comanche",1999,7,25315,143,1999-07-15,5.64882480742643
40031,"comanche",1999,8,25282,180,1999-08-15,7.11968989795111
40031,"comanche",1999,9,25249,194,1999-09-15,7.68347261277674
40031,"comanche",1999,10,25216,154,1999-10-15,6.10723350253807
40031,"comanche",1999,11,25183,167,1999-11-15,6.63145772942064
40031,"comanche",1999,12,25150,145,1999-12-15,5.76540755467197
40037,"creek",1990,1,13273,60,1990-01-15,4.52045505914262
40037,"creek",1990,2,13284.25,68,1990-02-15,5.11884374353087
40037,"creek",1990,3,13295.5,67,1990-03-15,5.03929901094355
40037,"creek",1990,4,13306.75,77,1990-04-15,5.78653690796025
40037,"creek",1990,5,13318,64,1990-05-15,4.8055263553086
40037,"creek",1990,6,13329.25,65,1990-06-15,4.87649342611175
40037,"creek",1990,7,13340.5,77,1990-07-15,5.77189760503729
40037,"creek",1990,8,13351.75,86,1990-08-15,6.44110322616885
40037,"creek",1990,9,13363,83,1990-09-15,6.2111801242236
40037,"creek",1990,10,13374.25,72,1990-10-15,5.38347944744565
40037,"creek",1990,11,13385.5,72,1990-11-15,5.37895483919166
40037,"creek",1990,12,13396.75,69,1990-12-15,5.15050292048445
40037,"creek",1991,1,13408,88,1991-01-15,6.56324582338902
40037,"creek",1991,2,13398.25,61,1991-02-15,4.55283339242065
40037,"creek",1991,3,13388.5,73,1991-03-15,5.45244052731822
40037,"creek",1991,4,13378.75,74,1991-04-15,5.53115948799402
40037,"creek",1991,5,13369,73,1991-05-15,5.46039344752786
40037,"creek",1991,6,13359.25,70,1991-06-15,5.23981510938114
40037,"creek",1991,7,13349.5,74,1991-07-15,5.54327877448594
40037,"creek",1991,8,13339.75,75,1991-08-15,5.62229427088214
40037,"creek",1991,9,13330,73,1991-09-15,5.47636909227307
40037,"creek",1991,10,13320.25,80,1991-10-15,6.00589328278373
40037,"creek",1991,11,13310.5,71,1991-11-15,5.33413470568348
40037,"creek",1991,12,13300.75,62,1991-12-15,4.66139127492811
40037,"creek",1992,1,13291,76,1992-01-15,5.71815514257768
40037,"creek",1992,2,13291.0833333333,78,1992-02-15,5.86859611393605
40037,"creek",1992,3,13291.1666666667,68,1992-03-15,5.11617991899381
40037,"creek",1992,4,13291.25,90,1992-04-15,6.77137214332738
40037,"creek",1992,5,13291.3333333333,64,1992-05-15,4.81516777850229
40037,"creek",1992,6,13291.4166666667,81,1992-06-15,6.09415851081837
40037,"creek",1992,7,13291.5,82,1992-07-15,6.16935635556559
40037,"creek",1992,8,13291.5833333333,88,1992-08-15,6.62073116445873
40037,"creek",1992,9,13291.6666666667,70,1992-09-15,5.26645768025077
40037,"creek",1992,10,13291.75,87,1992-10-15,6.54541350837926
40037,"creek",1992,11,13291.8333333333,70,1992-11-15,5.26639164399194
40037,"creek",1992,12,13291.9166666667,77,1992-12-15,5.79299448913185
40037,"creek",1993,1,13292,66,1993-01-15,4.96539271742401
40037,"creek",1993,2,13293.9166666667,65,1993-02-15,4.88945444971696
40037,"creek",1993,3,13295.8333333333,71,1993-03-15,5.34001880288312
40037,"creek",1993,4,13297.75,52,1993-04-15,3.91043597601098
40037,"creek",1993,5,13299.6666666667,78,1993-05-15,5.86480864182058
40037,"creek",1993,6,13301.5833333333,73,1993-06-15,5.4880684630276
40037,"creek",1993,7,13303.5,54,1993-07-15,4.05908219641448
40037,"creek",1993,8,13305.4166666667,70,1993-08-15,5.2610152506811
40037,"creek",1993,9,13307.3333333333,87,1993-09-15,6.53774860978911
40037,"creek",1993,10,13309.25,87,1993-10-15,6.53680710783853
40037,"creek",1993,11,13311.1666666667,81,1993-11-15,6.08511650619153
40037,"creek",1993,12,13313.0833333333,60,1993-12-15,4.5068447704952
40037,"creek",1994,1,13315,70,1994-01-15,5.25722868944799
40037,"creek",1994,2,13317.5,70,1994-02-15,5.25624178712221
40037,"creek",1994,3,13320,75,1994-03-15,5.63063063063063
40037,"creek",1994,4,13322.5,67,1994-04-15,5.02908613248264
40037,"creek",1994,5,13325,62,1994-05-15,4.65290806754221
40037,"creek",1994,6,13327.5,68,1994-06-15,5.10223222659914
40037,"creek",1994,7,13330,80,1994-07-15,6.00150037509377
40037,"creek",1994,8,13332.5,62,1994-08-15,4.6502906431652
40037,"creek",1994,9,13335,77,1994-09-15,5.7742782152231
40037,"creek",1994,10,13337.5,64,1994-10-15,4.79850046860356
40037,"creek",1994,11,13340,61,1994-11-15,4.57271364317841
40037,"creek",1994,12,13342.5,69,1994-12-15,5.17144463181563
40037,"creek",1995,1,13345,67,1995-01-15,5.02060696890221
40037,"creek",1995,2,13349.1666666667,67,1995-02-15,5.01903989013046
40037,"creek",1995,3,13353.3333333333,70,1995-03-15,5.2421367948078
40037,"creek",1995,4,13357.5,68,1995-04-15,5.09077297398465
40037,"creek",1995,5,13361.6666666667,79,1995-05-15,5.91243607334413
40037,"creek",1995,6,13365.8333333333,67,1995-06-15,5.01278134547043
40037,"creek",1995,7,13370,81,1995-07-15,6.05833956619297
40037,"creek",1995,8,13374.1666666667,83,1995-08-15,6.20599414293724
40037,"creek",1995,9,13378.3333333333,67,1995-09-15,5.00809767036254
40037,"creek",1995,10,13382.5,66,1995-10-15,4.93181393611059
40037,"creek",1995,11,13386.6666666667,82,1995-11-15,6.12549800796811
40037,"creek",1995,12,13390.8333333333,62,1995-12-15,4.63003298276185
40037,"creek",1996,1,13395,72,1996-01-15,5.37513997760358
40037,"creek",1996,2,13402.9166666667,60,1996-02-15,4.47663754779742
40037,"creek",1996,3,13410.8333333333,81,1996-03-15,6.03989312123285
40037,"creek",1996,4,13418.75,68,1996-04-15,5.06753609687937
40037,"creek",1996,5,13426.6666666667,63,1996-05-15,4.69215491559085
40037,"creek",1996,6,13434.5833333333,78,1996-06-15,5.80591136060542
40037,"creek",1996,7,13442.5,73,1996-07-15,5.43053747442812
40037,"creek",1996,8,13450.4166666667,77,1996-08-15,5.72472971717108
40037,"creek",1996,9,13458.3333333333,92,1996-09-15,6.83591331269352
40037,"creek",1996,10,13466.25,98,1996-10-15,7.27745289148798
40037,"creek",1996,11,13474.1666666667,82,1996-11-15,6.08571958686374
40037,"creek",1996,12,13482.0833333333,70,1996-12-15,5.19207590320488
40037,"creek",1997,1,13490,71,1997-01-15,5.26315789473684
40037,"creek",1997,2,13493.75,76,1997-02-15,5.63223714682723
40037,"creek",1997,3,13497.5,64,1997-03-15,4.74161881829969
40037,"creek",1997,4,13501.25,67,1997-04-15,4.96250347190075
40037,"creek",1997,5,13505,70,1997-05-15,5.18326545723806
40037,"creek",1997,6,13508.75,66,1997-06-15,4.88572221708152
40037,"creek",1997,7,13512.5,87,1997-07-15,6.43848288621647
40037,"creek",1997,8,13516.25,73,1997-08-15,5.40090631647092
40037,"creek",1997,9,13520,72,1997-09-15,5.32544378698225
40037,"creek",1997,10,13523.75,73,1997-10-15,5.39791108235512
40037,"creek",1997,11,13527.5,79,1997-11-15,5.83995564590649
40037,"creek",1997,12,13531.25,99,1997-12-15,7.31639722863741
40037,"creek",1998,1,13535,79,1998-01-15,5.83671961581086
40037,"creek",1998,2,13538.4166666667,81,1998-02-15,5.98297437538854
40037,"creek",1998,3,13541.8333333333,72,1998-03-15,5.31685763867523
40037,"creek",1998,4,13545.25,82,1998-04-15,6.05378269134937
40037,"creek",1998,5,13548.6666666667,75,1998-05-15,5.53560005904639
40037,"creek",1998,6,13552.0833333333,81,1998-06-15,5.97694081475789
40037,"creek",1998,7,13555.5,69,1998-07-15,5.09018479583933
40037,"creek",1998,8,13558.9166666667,66,1998-08-15,4.86764552231925
40037,"creek",1998,9,13562.3333333333,69,1998-09-15,5.08762012436406
40037,"creek",1998,10,13565.75,83,1998-10-15,6.11834951993071
40037,"creek",1998,11,13569.1666666667,60,1998-11-15,4.42178959651169
40037,"creek",1998,12,13572.5833333333,76,1998-12-15,5.59952354931205
40037,"creek",1999,1,13576,72,1999-01-15,5.30347672362994
40037,"creek",1999,2,13569.5833333333,62,1999-02-15,4.56904228206468
40037,"creek",1999,3,13563.1666666667,58,1999-03-15,4.2762874943167
40037,"creek",1999,4,13556.75,76,1999-04-15,5.60606340015122
40037,"creek",1999,5,13550.3333333333,70,1999-05-15,5.16592457750118
40037,"creek",1999,6,13543.9166666667,61,1999-06-15,4.50386704978249
40037,"creek",1999,7,13537.5,77,1999-07-15,5.68790397045245
40037,"creek",1999,8,13531.0833333333,86,1999-08-15,6.35573648328234
40037,"creek",1999,9,13524.6666666667,77,1999-09-15,5.69330112880168
40037,"creek",1999,10,13518.25,81,1999-10-15,5.99189983910639
40037,"creek",1999,11,13511.8333333333,84,1999-11-15,6.21677295210373
40037,"creek",1999,12,13505.4166666667,92,1999-12-15,6.81208157220866
40083,"logan",1990,1,6577,26,1990-01-15,3.95317013836095
40083,"logan",1990,2,6589.08333333332,25,1990-02-15,3.79415447267577
40083,"logan",1990,3,6601.16666666668,39,1990-03-15,5.90804655742671
40083,"logan",1990,4,6613.25,29,1990-04-15,4.38513590141005
40083,"logan",1990,5,6625.33333333332,31,1990-05-15,4.67900986113907
40083,"logan",1990,6,6637.41666666668,29,1990-06-15,4.36916973220002
40083,"logan",1990,7,6649.5,34,1990-07-15,5.11316640348898
40083,"logan",1990,8,6661.58333333332,28,1990-08-15,4.20320494376963
40083,"logan",1990,9,6673.66666666668,33,1990-09-15,4.94480795165076
40083,"logan",1990,10,6685.75,25,1990-10-15,3.73929626444303
40083,"logan",1990,11,6697.83333333332,27,1990-11-15,4.03115435339787
40083,"logan",1990,12,6709.91666666668,29,1990-12-15,4.32196127622051
40083,"logan",1991,1,6722,34,1991-01-15,5.05801844689081
40083,"logan",1991,2,6729.58333333333,21,1991-02-15,3.12054981115721
40083,"logan",1991,3,6737.16666666667,28,1991-03-15,4.15604977364372
40083,"logan",1991,4,6744.75,28,1991-04-15,4.15137699692353
40083,"logan",1991,5,6752.33333333333,30,1991-05-15,4.4429086241793
40083,"logan",1991,6,6759.91666666667,34,1991-06-15,5.02964780137822
40083,"logan",1991,7,6767.5,27,1991-07-15,3.98965644625046
40083,"logan",1991,8,6775.08333333333,22,1991-08-15,3.24719253145718
40083,"logan",1991,9,6782.66666666667,35,1991-09-15,5.16021230587773
40083,"logan",1991,10,6790.25,28,1991-10-15,4.12355951548176
40083,"logan",1991,11,6797.83333333333,34,1991-11-15,5.00159364503396
40083,"logan",1991,12,6805.41666666667,32,1991-12-15,4.7021367783016
40083,"logan",1992,1,6813,29,1992-01-15,4.25656832526053
40083,"logan",1992,2,6829.08333333332,23,1992-02-15,3.36794835812518
40083,"logan",1992,3,6845.16666666668,26,1992-03-15,3.79830050400525
40083,"logan",1992,4,6861.25,37,1992-04-15,5.39260338859537
40083,"logan",1992,5,6877.33333333332,20,1992-05-15,2.90810391624661
40083,"logan",1992,6,6893.41666666668,22,1992-06-15,3.19145078033389
40083,"logan",1992,7,6909.5,39,1992-07-15,5.64440263405456
40083,"logan",1992,8,6925.58333333332,26,1992-08-15,3.75419639741539
40083,"logan",1992,9,6941.66666666668,36,1992-09-15,5.1860744297719
40083,"logan",1992,10,6957.75,32,1992-10-15,4.59918795587654
40083,"logan",1992,11,6973.83333333332,27,1992-11-15,3.87161532394905
40083,"logan",1992,12,6989.91666666668,26,1992-12-15,3.71964377257716
40083,"logan",1993,1,7006,27,1993-01-15,3.85383956608621
40083,"logan",1993,2,7008.58333333333,46,1993-02-15,6.56338061662486
40083,"logan",1993,3,7011.16666666667,36,1993-03-15,5.13466612784368
40083,"logan",1993,4,7013.75,24,1993-04-15,3.42184993762253
40083,"logan",1993,5,7016.33333333333,18,1993-05-15,2.56544253883795
40083,"logan",1993,6,7018.91666666667,30,1993-06-15,4.27416386669358
40083,"logan",1993,7,7021.5,29,1993-07-15,4.13017161575162
40083,"logan",1993,8,7024.08333333333,39,1993-08-15,5.55232592627745
40083,"logan",1993,9,7026.66666666667,28,1993-09-15,3.98481973434535
40083,"logan",1993,10,7029.25,39,1993-10-15,5.54824483408614
40083,"logan",1993,11,7031.83333333333,28,1993-11-15,3.98189187267427
40083,"logan",1993,12,7034.41666666667,33,1993-12-15,4.69122054659827
40083,"logan",1994,1,7037,26,1994-01-15,3.69475628819099
40083,"logan",1994,2,7039.41666666666,15,1994-02-15,2.13085838078439
40083,"logan",1994,3,7041.83333333334,36,1994-03-15,5.11230503420037
40083,"logan",1994,4,7044.25,21,1994-04-15,2.98115484260212
40083,"logan",1994,5,7046.66666666666,30,1994-05-15,4.25733207190161
40083,"logan",1994,6,7049.08333333334,17,1994-06-15,2.41166109068555
40083,"logan",1994,7,7051.5,26,1994-07-15,3.6871587605474
40083,"logan",1994,8,7053.91666666666,39,1994-08-15,5.52884331399814
40083,"logan",1994,9,7056.33333333334,23,1994-09-15,3.25948320657565
40083,"logan",1994,10,7058.75,27,1994-10-15,3.82503984416504
40083,"logan",1994,11,7061.16666666666,25,1994-11-15,3.54049142020913
40083,"logan",1994,12,7063.58333333334,29,1994-12-15,4.10556492809362
40083,"logan",1995,1,7066,35,1995-01-15,4.95329748089442
40083,"logan",1995,2,7066,24,1995-02-15,3.39654684404189
40083,"logan",1995,3,7066,38,1995-03-15,5.37786583639966
40083,"logan",1995,4,7066,22,1995-04-15,3.11350127370507
40083,"logan",1995,5,7066,33,1995-05-15,4.6702519105576
40083,"logan",1995,6,7066,35,1995-06-15,4.95329748089442
40083,"logan",1995,7,7066,30,1995-07-15,4.24568355505236
40083,"logan",1995,8,7066,33,1995-08-15,4.6702519105576
40083,"logan",1995,9,7066,30,1995-09-15,4.24568355505236
40083,"logan",1995,10,7066,26,1995-10-15,3.67959241437872
40083,"logan",1995,11,7066,28,1995-11-15,3.96263798471554
40083,"logan",1995,12,7066,27,1995-12-15,3.82111519954713
40083,"logan",1996,1,7066,23,1996-01-15,3.25502405887348
40083,"logan",1996,2,7078.33333333332,20,1996-02-15,2.82552389922299
40083,"logan",1996,3,7090.66666666668,41,1996-03-15,5.7822489657766
40083,"logan",1996,4,7103,19,1996-04-15,2.67492608756863
40083,"logan",1996,5,7115.33333333332,19,1996-05-15,2.67028951560012
40083,"logan",1996,6,7127.66666666668,32,1996-06-15,4.48954777159425
40083,"logan",1996,7,7140,20,1996-07-15,2.80112044817927
40083,"logan",1996,8,7152.33333333332,38,1996-08-15,5.31295148436409
40083,"logan",1996,9,7164.66666666668,27,1996-09-15,3.76849353307899
40083,"logan",1996,10,7177,29,1996-10-15,4.04068552319911
40083,"logan",1996,11,7189.33333333332,29,1996-11-15,4.03375370919882
40083,"logan",1996,12,7201.66666666668,29,1996-12-15,4.02684563758389
40083,"logan",1997,1,7214,28,1997-01-15,3.88134183532021
40083,"logan",1997,2,7222.58333333333,25,1997-02-15,3.4613653932688
40083,"logan",1997,3,7231.16666666667,43,1997-03-15,5.94648166501486
40083,"logan",1997,4,7239.75,31,1997-04-15,4.28191581201008
40083,"logan",1997,5,7248.33333333333,28,1997-05-15,3.86295700160957
40083,"logan",1997,6,7256.91666666667,25,1997-06-15,3.4449892631168
40083,"logan",1997,7,7265.5,41,1997-07-15,5.64310783841442
40083,"logan",1997,8,7274.08333333333,33,1997-08-15,4.53665410303704
40083,"logan",1997,9,7282.66666666667,29,1997-09-15,3.98205785426584
40083,"logan",1997,10,7291.25,19,1997-10-15,2.60586319218241
40083,"logan",1997,11,7299.83333333333,29,1997-11-15,3.97269344048951
40083,"logan",1997,12,7308.41666666667,24,1997-12-15,3.28388501841484
40083,"logan",1998,1,7317,30,1998-01-15,4.10004100041
40083,"logan",1998,2,7325.66666666666,39,1998-02-15,5.32374755426128
40083,"logan",1998,3,7334.33333333334,36,1998-03-15,4.9084215788756
40083,"logan",1998,4,7343,35,1998-04-15,4.76644423260248
40083,"logan",1998,5,7351.66666666666,25,1998-05-15,3.40058943550216
40083,"logan",1998,6,7360.33333333334,32,1998-06-15,4.34762918346089
40083,"logan",1998,7,7369,35,1998-07-15,4.74962681503596
40083,"logan",1998,8,7377.66666666666,38,1998-08-15,5.15067998012019
40083,"logan",1998,9,7386.33333333334,27,1998-09-15,3.65539961189584
40083,"logan",1998,10,7395,30,1998-10-15,4.05679513184584
40083,"logan",1998,11,7403.66666666666,24,1998-11-15,3.24163702669849
40083,"logan",1998,12,7412.33333333334,34,1998-12-15,4.58694967846382
40083,"logan",1999,1,7421,19,1999-01-15,2.56030184611238
40083,"logan",1999,2,7426.41666666666,21,1999-02-15,2.82774330374676
40083,"logan",1999,3,7431.83333333334,32,1999-03-15,4.30580161916081
40083,"logan",1999,4,7437.25,35,1999-04-15,4.70604053917779
40083,"logan",1999,5,7442.66666666666,22,1999-05-15,2.95592977427446
40083,"logan",1999,6,7448.08333333334,28,1999-06-15,3.75935643398189
40083,"logan",1999,7,7453.5,28,1999-07-15,3.75662440464211
40083,"logan",1999,8,7458.91666666666,32,1999-08-15,4.29016724948887
40083,"logan",1999,9,7464.33333333334,26,1999-09-15,3.48323136694502
40083,"logan",1999,10,7469.75,28,1999-10-15,3.74845209009672
40083,"logan",1999,11,7475.16666666666,22,1999-11-15,2.94307819223652
40083,"logan",1999,12,7480.58333333334,30,1999-12-15,4.01038243452493
40087,"mcclain",1990,1,4981,24,1990-01-15,4.81830957639028
40087,"mcclain",1990,2,4986.16666666666,32,1990-02-15,6.41775579102184
40087,"mcclain",1990,3,4991.33333333334,30,1990-03-15,6.01041805796713
40087,"mcclain",1990,4,4996.5,31,1990-04-15,6.20434304012809
40087,"mcclain",1990,5,5001.66666666666,22,1990-05-15,4.39853382205932
40087,"mcclain",1990,6,5006.83333333334,29,1990-06-15,5.79208415165939
40087,"mcclain",1990,7,5012,32,1990-07-15,6.38467677573823
40087,"mcclain",1990,8,5017.16666666666,30,1990-08-15,5.97947048466931
40087,"mcclain",1990,9,5022.33333333334,26,1990-09-15,5.17687661777394
40087,"mcclain",1990,10,5027.5,30,1990-10-15,5.96718050721034
40087,"mcclain",1990,11,5032.66666666666,16,1990-11-15,3.17922903695854
40087,"mcclain",1990,12,5037.83333333334,22,1990-12-15,4.36695669434611
40087,"mcclain",1991,1,5043,26,1991-01-15,5.15566131271069
40087,"mcclain",1991,2,5047.33333333333,32,1991-02-15,6.33998150838727
40087,"mcclain",1991,3,5051.66666666667,29,1991-03-15,5.74067964368195
40087,"mcclain",1991,4,5056,10,1991-04-15,1.97784810126582
40087,"mcclain",1991,5,5060.33333333333,38,1991-05-15,7.50938673341678
40087,"mcclain",1991,6,5064.66666666667,21,1991-06-15,4.14637356851388
40087,"mcclain",1991,7,5069,19,1991-07-15,3.74827382126652
40087,"mcclain",1991,8,5073.33333333333,23,1991-08-15,4.53350854139291
40087,"mcclain",1991,9,5077.66666666667,22,1991-09-15,4.33269874614324
40087,"mcclain",1991,10,5082,26,1991-10-15,5.11609602518693
40087,"mcclain",1991,11,5086.33333333333,32,1991-11-15,6.29136902811456
40087,"mcclain",1991,12,5090.66666666667,22,1991-12-15,4.32163436354112
40087,"mcclain",1992,1,5095,21,1992-01-15,4.12168792934249
40087,"mcclain",1992,2,5105.24999999999,21,1992-02-15,4.11341266343471
40087,"mcclain",1992,3,5115.50000000001,32,1992-03-15,6.25549799628579
40087,"mcclain",1992,4,5125.75,31,1992-04-15,6.04789542993708
40087,"mcclain",1992,5,5135.99999999999,29,1992-05-15,5.64641744548288
40087,"mcclain",1992,6,5146.25000000001,21,1992-06-15,4.08064124362399
40087,"mcclain",1992,7,5156.5,31,1992-07-15,6.01182972946766
40087,"mcclain",1992,8,5166.74999999999,27,1992-08-15,5.22572216577153
40087,"mcclain",1992,9,5177.00000000001,27,1992-09-15,5.21537570021247
40087,"mcclain",1992,10,5187.25,22,1992-10-15,4.24116824907224
40087,"mcclain",1992,11,5197.49999999999,19,1992-11-15,3.65560365560366
40087,"mcclain",1992,12,5207.75000000001,26,1992-12-15,4.99255916662665
40087,"mcclain",1993,1,5218,22,1993-01-15,4.21617477960905
40087,"mcclain",1993,2,5228.58333333332,28,1993-02-15,5.35517906379996
40087,"mcclain",1993,3,5239.16666666668,21,1993-03-15,4.00827103547001
40087,"mcclain",1993,4,5249.75,24,1993-04-15,4.57164626886995
40087,"mcclain",1993,5,5260.33333333332,24,1993-05-15,4.56244851403588
40087,"mcclain",1993,6,5270.91666666668,30,1993-06-15,5.69160961882024
40087,"mcclain",1993,7,5281.5,15,1993-07-15,2.84010224368077
40087,"mcclain",1993,8,5292.08333333332,34,1993-08-15,6.42469096921504
40087,"mcclain",1993,9,5302.66666666668,26,1993-09-15,4.90319336183051
40087,"mcclain",1993,10,5313.25,24,1993-10-15,4.51700936338399
40087,"mcclain",1993,11,5323.83333333332,18,1993-11-15,3.38102244623236
40087,"mcclain",1993,12,5334.41666666668,22,1993-12-15,4.12416227953696
40087,"mcclain",1994,1,5345,23,1994-01-15,4.30308699719364
40087,"mcclain",1994,2,5357.66666666666,24,1994-02-15,4.47956199838239
40087,"mcclain",1994,3,5370.33333333334,28,1994-03-15,5.21382906089007
40087,"mcclain",1994,4,5383,42,1994-04-15,7.80234070221066
40087,"mcclain",1994,5,5395.66666666666,32,1994-05-15,5.93068511768704
40087,"mcclain",1994,6,5408.33333333334,37,1994-06-15,6.84129429892141
40087,"mcclain",1994,7,5421,28,1994-07-15,5.16509869027855
40087,"mcclain",1994,8,5433.66666666666,38,1994-08-15,6.99343598552237
40087,"mcclain",1994,9,5446.33333333334,19,1994-09-15,3.48858559275353
40087,"mcclain",1994,10,5459,32,1994-10-15,5.8618794651035
40087,"mcclain",1994,11,5471.66666666666,18,1994-11-15,3.28967407858666
40087,"mcclain",1994,12,5484.33333333334,23,1994-12-15,4.1937640551875
40087,"mcclain",1995,1,5497,26,1995-01-15,4.72985264689831
40087,"mcclain",1995,2,5502,25,1995-02-15,4.54380225372592
40087,"mcclain",1995,3,5507,24,1995-03-15,4.35808970401307
40087,"mcclain",1995,4,5512,18,1995-04-15,3.2656023222061
40087,"mcclain",1995,5,5517,27,1995-05-15,4.89396411092985
40087,"mcclain",1995,6,5522,26,1995-06-15,4.70843897138718
40087,"mcclain",1995,7,5527,30,1995-07-15,5.42789940293107
40087,"mcclain",1995,8,5532,30,1995-08-15,5.42299349240781
40087,"mcclain",1995,9,5537,19,1995-09-15,3.43146108000722
40087,"mcclain",1995,10,5542,28,1995-10-15,5.05232767953807
40087,"mcclain",1995,11,5547,27,1995-11-15,4.86749594375338
40087,"mcclain",1995,12,5552,20,1995-12-15,3.60230547550432
40087,"mcclain",1996,1,5557,25,1996-01-15,4.49883030412093
40087,"mcclain",1996,2,5564.08333333333,16,1996-02-15,2.87558597552757
40087,"mcclain",1996,3,5571.16666666667,16,1996-03-15,2.8719298770455
40087,"mcclain",1996,4,5578.25,27,1996-04-15,4.84022766996818
40087,"mcclain",1996,5,5585.33333333333,26,1996-05-15,4.65504893769396
40087,"mcclain",1996,6,5592.41666666667,27,1996-06-15,4.82796644265299
40087,"mcclain",1996,7,5599.5,25,1996-07-15,4.46468434681668
40087,"mcclain",1996,8,5606.58333333333,32,1996-08-15,5.70757591521872
40087,"mcclain",1996,9,5613.66666666667,24,1996-09-15,4.27528056528709
40087,"mcclain",1996,10,5620.75,25,1996-10-15,4.44780500822844
40087,"mcclain",1996,11,5627.83333333333,25,1996-11-15,4.44220688838215
40087,"mcclain",1996,12,5634.91666666667,21,1996-12-15,3.7267631878614
40087,"mcclain",1997,1,5642,20,1997-01-15,3.54484225451967
40087,"mcclain",1997,2,5648.41666666666,28,1997-02-15,4.95714138180317
40087,"mcclain",1997,3,5654.83333333334,18,1997-03-15,3.18311768693448
40087,"mcclain",1997,4,5661.25,23,1997-04-15,4.0627069993376
40087,"mcclain",1997,5,5667.66666666666,29,1997-05-15,5.11674410398166
40087,"mcclain",1997,6,5674.08333333334,28,1997-06-15,4.93471779582605
40087,"mcclain",1997,7,5680.5,35,1997-07-15,6.16142945163278
40087,"mcclain",1997,8,5686.91666666666,22,1997-08-15,3.86852864030011
40087,"mcclain",1997,9,5693.33333333334,22,1997-09-15,3.86416861826697
40087,"mcclain",1997,10,5699.75,23,1997-10-15,4.03526470459231
40087,"mcclain",1997,11,5706.16666666666,33,1997-11-15,5.7832169874697
40087,"mcclain",1997,12,5712.58333333334,38,1997-12-15,6.65198173622558
40087,"mcclain",1998,1,5719,22,1998-01-15,3.8468263682462
40087,"mcclain",1998,2,5728.49999999999,40,1998-02-15,6.98263070611854
40087,"mcclain",1998,3,5738.00000000001,29,1998-03-15,5.05402579295921
40087,"mcclain",1998,4,5747.5,32,1998-04-15,5.56763810352327
40087,"mcclain",1998,5,5756.99999999999,33,1998-05-15,5.73215216258469
40087,"mcclain",1998,6,5766.50000000001,36,1998-06-15,6.24295499869937
40087,"mcclain",1998,7,5776,18,1998-07-15,3.11634349030471
40087,"mcclain",1998,8,5785.49999999999,31,1998-08-15,5.35822314406707
40087,"mcclain",1998,9,5795.00000000001,20,1998-09-15,3.45125107851596
40087,"mcclain",1998,10,5804.5,36,1998-10-15,6.2020845895426
40087,"mcclain",1998,11,5813.99999999999,28,1998-11-15,4.81596147230823
40087,"mcclain",1998,12,5823.50000000001,31,1998-12-15,5.32325920837983
40087,"mcclain",1999,1,5833,30,1999-01-15,5.14315103720213
40087,"mcclain",1999,2,5837.5,24,1999-02-15,4.11134903640257
40087,"mcclain",1999,3,5842,29,1999-03-15,4.96405340636768
40087,"mcclain",1999,4,5846.5,26,1999-04-15,4.44710510561875
40087,"mcclain",1999,5,5851,26,1999-05-15,4.44368484019826
40087,"mcclain",1999,6,5855.5,28,1999-06-15,4.78182904961148
40087,"mcclain",1999,7,5860,29,1999-07-15,4.94880546075085
40087,"mcclain",1999,8,5864.5,35,1999-08-15,5.96811322363373
40087,"mcclain",1999,9,5869,36,1999-09-15,6.13392400749702
40087,"mcclain",1999,10,5873.5,34,1999-10-15,5.78871201157742
40087,"mcclain",1999,11,5878,34,1999-11-15,5.78428036747193
40087,"mcclain",1999,12,5882.5,36,1999-12-15,6.1198470038249
40109,"oklahoma",1990,1,143192,853,1990-01-15,5.95703670596123
40109,"oklahoma",1990,2,143278.666666667,758,1990-02-15,5.29038982309531
40109,"oklahoma",1990,3,143365.333333333,886,1990-03-15,6.18001562441875
40109,"oklahoma",1990,4,143452,871,1990-04-15,6.071717368876
40109,"oklahoma",1990,5,143538.666666667,822,1990-05-15,5.72667991899975
40109,"oklahoma",1990,6,143625.333333333,834,1990-06-15,5.8067750350449
40109,"oklahoma",1990,7,143712,856,1990-07-15,5.95635715876197
40109,"oklahoma",1990,8,143798.666666667,861,1990-08-15,5.9875381320179
40109,"oklahoma",1990,9,143885.333333333,844,1990-09-15,5.86578201160185
40109,"oklahoma",1990,10,143972,880,1990-10-15,6.1122996138138
40109,"oklahoma",1990,11,144058.666666667,813,1990-11-15,5.64353411573062
40109,"oklahoma",1990,12,144145.333333333,799,1990-12-15,5.54301677011166
40109,"oklahoma",1991,1,144232,862,1991-01-15,5.97648233401742
40109,"oklahoma",1991,2,144280.583333333,728,1991-02-15,5.04572398572921
40109,"oklahoma",1991,3,144329.166666667,778,1991-03-15,5.39045584456825
40109,"oklahoma",1991,4,144377.75,849,1991-04-15,5.88040747275809
40109,"oklahoma",1991,5,144426.333333333,865,1991-05-15,5.98921249356651
40109,"oklahoma",1991,6,144474.916666667,780,1991-06-15,5.39886104796737
40109,"oklahoma",1991,7,144523.5,906,1991-07-15,6.26887668787429
40109,"oklahoma",1991,8,144572.083333333,913,1991-08-15,6.31518878990586
40109,"oklahoma",1991,9,144620.666666667,898,1991-09-15,6.20934767276229
40109,"oklahoma",1991,10,144669.25,929,1991-10-15,6.42154431574091
40109,"oklahoma",1991,11,144717.833333333,783,1991-11-15,5.41052876459595
40109,"oklahoma",1991,12,144766.416666667,869,1991-12-15,6.00277343329512
40109,"oklahoma",1992,1,144815,827,1992-01-15,5.71073438525015
40109,"oklahoma",1992,2,144892.416666667,795,1992-02-15,5.48682959598183
40109,"oklahoma",1992,3,144969.833333333,846,1992-03-15,5.83569685187379
40109,"oklahoma",1992,4,145047.25,820,1992-04-15,5.65333020791501
40109,"oklahoma",1992,5,145124.666666667,823,1992-05-15,5.67098632440154
40109,"oklahoma",1992,6,145202.083333333,837,1992-06-15,5.76438010244345
40109,"oklahoma",1992,7,145279.5,967,1992-07-15,6.6561352427562
40109,"oklahoma",1992,8,145356.916666667,863,1992-08-15,5.93710997584679
40109,"oklahoma",1992,9,145434.333333333,848,1992-09-15,5.8308102396729
40109,"oklahoma",1992,10,145511.75,839,1992-10-15,5.76585739639582
40109,"oklahoma",1992,11,145589.166666667,763,1992-11-15,5.24077455396749
40109,"oklahoma",1992,12,145666.583333333,848,1992-12-15,5.82151362786822
40109,"oklahoma",1993,1,145744,854,1993-01-15,5.85958941706005
40109,"oklahoma",1993,2,145832,794,1993-02-15,5.44462120796533
40109,"oklahoma",1993,3,145920,847,1993-03-15,5.80455043859649
40109,"oklahoma",1993,4,146008,809,1993-04-15,5.54079228535423
40109,"oklahoma",1993,5,146096,843,1993-05-15,5.77017851275873
40109,"oklahoma",1993,6,146184,864,1993-06-15,5.91035954687244
40109,"oklahoma",1993,7,146272,864,1993-07-15,5.90680376285277
40109,"oklahoma",1993,8,146360,908,1993-08-15,6.20388084176004
40109,"oklahoma",1993,9,146448,821,1993-09-15,5.60608543646892
40109,"oklahoma",1993,10,146536,868,1993-10-15,5.92345908172736
40109,"oklahoma",1993,11,146624,807,1993-11-15,5.50387385421213
40109,"oklahoma",1993,12,146712,808,1993-12-15,5.50738862533399
40109,"oklahoma",1994,1,146800,863,1994-01-15,5.87874659400545
40109,"oklahoma",1994,2,146805.25,805,1994-02-15,5.48345512166629
40109,"oklahoma",1994,3,146810.5,851,1994-03-15,5.79658811869723
40109,"oklahoma",1994,4,146815.75,793,1994-04-15,5.40132785481122
40109,"oklahoma",1994,5,146821,815,1994-05-15,5.5509770400692
40109,"oklahoma",1994,6,146826.25,869,1994-06-15,5.91856020296098
40109,"oklahoma",1994,7,146831.5,852,1994-07-15,5.80256961210639
40109,"oklahoma",1994,8,146836.75,942,1994-08-15,6.41528772599503
40109,"oklahoma",1994,9,146842,847,1994-09-15,5.76810449326487
40109,"oklahoma",1994,10,146847.25,787,1994-10-15,5.35931043992993
40109,"oklahoma",1994,11,146852.5,810,1994-11-15,5.51573858122946
40109,"oklahoma",1994,12,146857.75,803,1994-12-15,5.4678762271654
40109,"oklahoma",1995,1,146863,796,1995-01-15,5.42001729503006
40109,"oklahoma",1995,2,146948.833333333,757,1995-02-15,5.15145294337146
40109,"oklahoma",1995,3,147034.666666667,790,1995-03-15,5.3728825855127
40109,"oklahoma",1995,4,147120.5,769,1995-04-15,5.22700779293164
40109,"oklahoma",1995,5,147206.333333333,863,1995-05-15,5.86251950210477
40109,"oklahoma",1995,6,147292.166666667,835,1995-06-15,5.66900480111523
40109,"oklahoma",1995,7,147378,857,1995-07-15,5.81497916921114
40109,"oklahoma",1995,8,147463.833333333,866,1995-08-15,5.87262639539866
40109,"oklahoma",1995,9,147549.666666667,865,1995-09-15,5.86243276275332
40109,"oklahoma",1995,10,147635.5,830,1995-10-15,5.6219540693126
40109,"oklahoma",1995,11,147721.333333333,844,1995-11-15,5.71346047964186
40109,"oklahoma",1995,12,147807.166666667,814,1995-12-15,5.50717545270131
40109,"oklahoma",1996,1,147893,768,1996-01-15,5.19294354702386
40109,"oklahoma",1996,2,147939,752,1996-02-15,5.08317617396359
40109,"oklahoma",1996,3,147985,857,1996-03-15,5.7911274791364
40109,"oklahoma",1996,4,148031,844,1996-04-15,5.70150846782093
40109,"oklahoma",1996,5,148077,852,1996-05-15,5.75376324479832
40109,"oklahoma",1996,6,148123,820,1996-06-15,5.53593972576845
40109,"oklahoma",1996,7,148169,887,1996-07-15,5.9864074131566
40109,"oklahoma",1996,8,148215,953,1996-08-15,6.42984853085045
40109,"oklahoma",1996,9,148261,949,1996-09-15,6.40087413412833
40109,"oklahoma",1996,10,148307,925,1996-10-15,6.23706230993817
40109,"oklahoma",1996,11,148353,736,1996-11-15,4.96113998368756
40109,"oklahoma",1996,12,148399,840,1996-12-15,5.66041550145217
40109,"oklahoma",1997,1,148445,894,1997-01-15,6.02243255077638
40109,"oklahoma",1997,2,148447.166666667,773,1997-02-15,5.20723983729339
40109,"oklahoma",1997,3,148449.333333333,860,1997-03-15,5.7932223789037
40109,"oklahoma",1997,4,148451.5,860,1997-04-15,5.79313782615871
40109,"oklahoma",1997,5,148453.666666667,848,1997-05-15,5.71221997435787
40109,"oklahoma",1997,6,148455.833333333,839,1997-06-15,5.65151251494554
40109,"oklahoma",1997,7,148458,951,1997-07-15,6.40585216020693
40109,"oklahoma",1997,8,148460.166666667,888,1997-08-15,5.98140241883063
40109,"oklahoma",1997,9,148462.333333333,907,1997-09-15,6.10929371535318
40109,"oklahoma",1997,10,148464.5,881,1997-10-15,5.93407851708658
40109,"oklahoma",1997,11,148466.666666667,840,1997-11-15,5.65783565334529
40109,"oklahoma",1997,12,148468.833333333,958,1997-12-15,6.45253268643364
40109,"oklahoma",1998,1,148471,896,1998-01-15,6.03484855628372
40109,"oklahoma",1998,2,148554.666666667,834,1998-02-15,5.61409492352982
40109,"oklahoma",1998,3,148638.333333333,919,1998-03-15,6.1827926847045
40109,"oklahoma",1998,4,148722,810,1998-04-15,5.44640335659822
40109,"oklahoma",1998,5,148805.666666667,840,1998-05-15,5.64494631700852
40109,"oklahoma",1998,6,148889.333333333,934,1998-06-15,6.27311560264001
40109,"oklahoma",1998,7,148973,934,1998-07-15,6.26959247648903
40109,"oklahoma",1998,8,149056.666666667,930,1998-08-15,6.23923787373928
40109,"oklahoma",1998,9,149140.333333333,1000,1998-09-15,6.70509430715145
40109,"oklahoma",1998,10,149224,918,1998-10-15,6.15182544362837
40109,"oklahoma",1998,11,149307.666666667,851,1998-11-15,5.69964033996913
40109,"oklahoma",1998,12,149391.333333333,922,1998-12-15,6.17171009474
40109,"oklahoma",1999,1,149475,827,1999-01-15,5.53269777554775
40109,"oklahoma",1999,2,149477.833333333,808,1999-02-15,5.40548375623143
40109,"oklahoma",1999,3,149480.666666667,870,1999-03-15,5.82015065493418
40109,"oklahoma",1999,4,149483.5,878,1999-04-15,5.87355795121201
40109,"oklahoma",1999,5,149486.333333333,866,1999-05-15,5.79317172807326
40109,"oklahoma",1999,6,149489.166666667,897,1999-06-15,6.00043481411695
40109,"oklahoma",1999,7,149492,981,1999-07-15,6.56222406550183
40109,"oklahoma",1999,8,149494.833333333,958,1999-08-15,6.40824822262532
40109,"oklahoma",1999,9,149497.666666667,968,1999-09-15,6.475017447318
40109,"oklahoma",1999,10,149500.5,942,1999-10-15,6.3009822709623
40109,"oklahoma",1999,11,149503.333333333,852,1999-11-15,5.69886959042163
40109,"oklahoma",1999,12,149506.166666667,893,1999-12-15,5.97299776932277
40113,"osage",1990,1,8539,37,1990-01-15,4.33306007729242
40113,"osage",1990,2,8538.75,33,1990-02-15,3.86473429951691
40113,"osage",1990,3,8538.5,43,1990-03-15,5.03601335129121
40113,"osage",1990,4,8538.25,41,1990-04-15,4.80192076830732
40113,"osage",1990,5,8538,45,1990-05-15,5.27055516514406
40113,"osage",1990,6,8537.75,51,1990-06-15,5.97347076220316
40113,"osage",1990,7,8537.5,43,1990-07-15,5.03660322108346
40113,"osage",1990,8,8537.25,36,1990-08-15,4.21681454801019
40113,"osage",1990,9,8537,55,1990-09-15,6.44254421928078
40113,"osage",1990,10,8536.75,49,1990-10-15,5.73988930213489
40113,"osage",1990,11,8536.5,31,1990-11-15,3.63146488607743
40113,"osage",1990,12,8536.25,42,1990-12-15,4.92019329330795
40113,"osage",1991,1,8536,41,1991-01-15,4.80318650421743
40113,"osage",1991,2,8536.08333333333,34,1991-02-15,3.98309138656488
40113,"osage",1991,3,8536.16666666667,41,1991-03-15,4.80309272311928
40113,"osage",1991,4,8536.25,32,1991-04-15,3.7487186996632
40113,"osage",1991,5,8536.33333333333,42,1991-05-15,4.92014526143153
40113,"osage",1991,6,8536.41666666667,30,1991-06-15,3.51435516463778
40113,"osage",1991,7,8536.5,42,1991-07-15,4.920049200492
40113,"osage",1991,8,8536.58333333333,45,1991-08-15,5.27142982653091
40113,"osage",1991,9,8536.66666666667,44,1991-09-15,5.15423662631784
40113,"osage",1991,10,8536.75,41,1991-10-15,4.80276451811287
40113,"osage",1991,11,8536.83333333333,40,1991-11-15,4.68557818082427
40113,"osage",1991,12,8536.91666666667,32,1991-12-15,3.74842595394512
40113,"osage",1992,1,8537,41,1992-01-15,4.80262387255476
40113,"osage",1992,2,8544.41666666666,27,1992-02-15,3.15995825734154
40113,"osage",1992,3,8551.83333333334,39,1992-03-15,4.56042563972637
40113,"osage",1992,4,8559.25,47,1992-04-15,5.49113532143587
40113,"osage",1992,5,8566.66666666666,41,1992-05-15,4.78599221789884
40113,"osage",1992,6,8574.08333333334,34,1992-06-15,3.96543848224786
40113,"osage",1992,7,8581.5,43,1992-07-15,5.01077900134009
40113,"osage",1992,8,8588.91666666666,36,1992-08-15,4.19144828121514
40113,"osage",1992,9,8596.33333333334,46,1992-09-15,5.35111869401682
40113,"osage",1992,10,8603.75,45,1992-10-15,5.23027749527822
40113,"osage",1992,11,8611.16666666666,40,1992-11-15,4.64513132173341
40113,"osage",1992,12,8618.58333333334,31,1992-12-15,3.59687883739593
40113,"osage",1993,1,8626,34,1993-01-15,3.94157199165314
40113,"osage",1993,2,8617.91666666667,38,1993-02-15,4.40941836290673
40113,"osage",1993,3,8609.83333333333,32,1993-03-15,3.71668053969299
40113,"osage",1993,4,8601.75,34,1993-04-15,3.95268404685093
40113,"osage",1993,5,8593.66666666667,32,1993-05-15,3.72367247197548
40113,"osage",1993,6,8585.58333333333,40,1993-06-15,4.65897289060149
40113,"osage",1993,7,8577.5,34,1993-07-15,3.96385893325561
40113,"osage",1993,8,8569.41666666667,41,1993-08-15,4.7844563515603
40113,"osage",1993,9,8561.33333333333,49,1993-09-15,5.7234075689145
40113,"osage",1993,10,8553.25,43,1993-10-15,5.0273287931488
40113,"osage",1993,11,8545.16666666667,33,1993-11-15,3.86183222484445
40113,"osage",1993,12,8537.08333333333,20,1993-12-15,2.34272048416223
40113,"osage",1994,1,8529,25,1994-01-15,2.93117598780631
40113,"osage",1994,2,8525.91666666667,32,1994-02-15,3.75326211257831
40113,"osage",1994,3,8522.83333333333,38,1994-03-15,4.45861118172752
40113,"osage",1994,4,8519.75,25,1994-04-15,2.93435840253529
40113,"osage",1994,5,8516.66666666667,32,1994-05-15,3.7573385518591
40113,"osage",1994,6,8513.58333333333,34,1994-06-15,3.9936180417568
40113,"osage",1994,7,8510.5,40,1994-07-15,4.70007637624111
40113,"osage",1994,8,8507.41666666667,36,1994-08-15,4.23160183761228
40113,"osage",1994,9,8504.33333333333,42,1994-09-15,4.93865872300396
40113,"osage",1994,10,8501.25,32,1994-10-15,3.76415233053963
40113,"osage",1994,11,8498.16666666667,25,1994-11-15,2.94181097883857
40113,"osage",1994,12,8495.08333333333,39,1994-12-15,4.59089080938975
40113,"osage",1995,1,8492,32,1995-01-15,3.76825247291569
40113,"osage",1995,2,8492.41666666667,30,1995-02-15,3.53256336535536
40113,"osage",1995,3,8492.83333333333,36,1995-03-15,4.23886806523147
40113,"osage",1995,4,8493.25,30,1995-04-15,3.53221676036853
40113,"osage",1995,5,8493.66666666667,31,1995-05-15,3.6497782661591
40113,"osage",1995,6,8494.08333333333,46,1995-06-15,5.41553434253255
40113,"osage",1995,7,8494.5,34,1995-07-15,4.00258991111896
40113,"osage",1995,8,8494.91666666667,32,1995-08-15,3.76695867136228
40113,"osage",1995,9,8495.33333333333,34,1995-09-15,4.0021972847838
40113,"osage",1995,10,8495.75,38,1995-10-15,4.47282464761793
40113,"osage",1995,11,8496.16666666667,20,1995-11-15,2.35400278556996
40113,"osage",1995,12,8496.58333333333,25,1995-12-15,2.94235918359341
40113,"osage",1996,1,8497,46,1996-01-15,5.4136754148523
40113,"osage",1996,2,8497.58333333333,33,1996-02-15,3.88345706132136
40113,"osage",1996,3,8498.16666666667,29,1996-03-15,3.41250073545274
40113,"osage",1996,4,8498.75,22,1996-04-15,2.5886159729372
40113,"osage",1996,5,8499.33333333333,38,1996-05-15,4.47093889716841
40113,"osage",1996,6,8499.91666666667,26,1996-06-15,3.05885351817175
40113,"osage",1996,7,8500.5,42,1996-07-15,4.94088583024528
40113,"osage",1996,8,8501.08333333333,38,1996-08-15,4.47001852705048
40113,"osage",1996,9,8501.66666666667,21,1996-09-15,2.47010390119584
40113,"osage",1996,10,8502.25,38,1996-10-15,4.46940515745832
40113,"osage",1996,11,8502.83333333333,31,1996-11-15,3.64584354234863
40113,"osage",1996,12,8503.41666666667,29,1996-12-15,3.41039386129105
40113,"osage",1997,1,8504,34,1997-01-15,3.99811853245532
40113,"osage",1997,2,8508.16666666666,34,1997-02-15,3.99616055162687
40113,"osage",1997,3,8512.33333333334,29,1997-03-15,3.40682147472295
40113,"osage",1997,4,8516.5,38,1997-04-15,4.46192684788352
40113,"osage",1997,5,8520.66666666666,32,1997-05-15,3.75557468116736
40113,"osage",1997,6,8524.83333333334,42,1997-06-15,4.926782537293
40113,"osage",1997,7,8529,28,1997-07-15,3.28291710634306
40113,"osage",1997,8,8533.16666666666,43,1997-08-15,5.03916092111174
40113,"osage",1997,9,8537.33333333334,37,1997-09-15,4.33390598157114
40113,"osage",1997,10,8541.5,36,1997-10-15,4.21471638470995
40113,"osage",1997,11,8545.66666666666,37,1997-11-15,4.32967975972228
40113,"osage",1997,12,8549.83333333334,33,1997-12-15,3.85972436109865
40113,"osage",1998,1,8554,28,1998-01-15,3.27332242225859
40113,"osage",1998,2,8550.08333333334,28,1998-02-15,3.27482188282765
40113,"osage",1998,3,8546.16666666666,34,1998-03-15,3.97839187159936
40113,"osage",1998,4,8542.25,40,1998-04-15,4.68260704147034
40113,"osage",1998,5,8538.33333333334,29,1998-05-15,3.39644739410501
40113,"osage",1998,6,8534.41666666666,35,1998-06-15,4.10104185992013
40113,"osage",1998,7,8530.5,43,1998-07-15,5.04073618193541
40113,"osage",1998,8,8526.58333333334,25,1998-08-15,2.93200676316226
40113,"osage",1998,9,8522.66666666666,33,1998-09-15,3.87202753441803
40113,"osage",1998,10,8518.75,43,1998-10-15,5.0476889214967
40113,"osage",1998,11,8514.83333333334,32,1998-11-15,3.75814754643857
40113,"osage",1998,12,8510.91666666666,39,1998-12-15,4.58235011896486
40113,"osage",1999,1,8507,35,1999-01-15,4.11425884565652
40113,"osage",1999,2,8505.16666666667,34,1999-02-15,3.99757010444632
40113,"osage",1999,3,8503.33333333333,31,1999-03-15,3.64562916503332
40113,"osage",1999,4,8501.5,28,1999-04-15,3.29353643474681
40113,"osage",1999,5,8499.66666666667,28,1999-05-15,3.29424683320914
40113,"osage",1999,6,8497.83333333333,56,1999-06-15,6.58991507639202
40113,"osage",1999,7,8496,40,1999-07-15,4.70809792843691
40113,"osage",1999,8,8494.16666666667,29,1999-08-15,3.41410772098499
40113,"osage",1999,9,8492.33333333333,40,1999-09-15,4.7101307061271
40113,"osage",1999,10,8490.5,30,1999-10-15,3.53336081502856
40113,"osage",1999,11,8488.66666666667,33,1999-11-15,3.88753632294039
40113,"osage",1999,12,8486.83333333333,40,1999-12-15,4.71318316608079
40125,"pottawatomie",1990,1,13100,62,1990-01-15,4.73282442748092
40125,"pottawatomie",1990,2,13102.0833333333,74,1990-02-15,5.64795674988076
40125,"pottawatomie",1990,3,13104.1666666667,72,1990-03-15,5.49443561208266
40125,"pottawatomie",1990,4,13106.25,60,1990-04-15,4.57796852646638
40125,"pottawatomie",1990,5,13108.3333333333,74,1990-05-15,5.64526382708202
40125,"pottawatomie",1990,6,13110.4166666667,65,1990-06-15,4.95788971873509
40125,"pottawatomie",1990,7,13112.5,79,1990-07-15,6.02478551000953
40125,"pottawatomie",1990,8,13114.5833333333,74,1990-08-15,5.64257347100875
40125,"pottawatomie",1990,9,13116.6666666667,62,1990-09-15,4.72681067344344
40125,"pottawatomie",1990,10,13118.75,72,1990-10-15,5.48832777513101
40125,"pottawatomie",1990,11,13120.8333333333,75,1990-11-15,5.71610034931726
40125,"pottawatomie",1990,12,13122.9166666667,76,1990-12-15,5.79139545959675
40125,"pottawatomie",1991,1,13125,63,1991-01-15,4.8
40125,"pottawatomie",1991,2,13130.3333333333,57,1991-02-15,4.34109314310377
40125,"pottawatomie",1991,3,13135.6666666667,64,1991-03-15,4.87223082193518
40125,"pottawatomie",1991,4,13141,61,1991-04-15,4.64196027699566
40125,"pottawatomie",1991,5,13146.3333333333,79,1991-05-15,6.00928015416214
40125,"pottawatomie",1991,6,13151.6666666667,78,1991-06-15,5.9308072487644
40125,"pottawatomie",1991,7,13157,76,1991-07-15,5.77639279471004
40125,"pottawatomie",1991,8,13162.3333333333,92,1991-08-15,6.98964216071114
40125,"pottawatomie",1991,9,13167.6666666667,80,1991-09-15,6.07548793762497
40125,"pottawatomie",1991,10,13173,70,1991-10-15,5.3138996432096
40125,"pottawatomie",1991,11,13178.3333333333,49,1991-11-15,3.71822435816366
40125,"pottawatomie",1991,12,13183.6666666667,60,1991-12-15,4.55108593967282
40125,"pottawatomie",1992,1,13189,62,1992-01-15,4.70088710288877
40125,"pottawatomie",1992,2,13207,58,1992-02-15,4.39161050957825
40125,"pottawatomie",1992,3,13225,77,1992-03-15,5.82230623818526
40125,"pottawatomie",1992,4,13243,63,1992-04-15,4.75723023484105
40125,"pottawatomie",1992,5,13261,82,1992-05-15,6.18354573561572
40125,"pottawatomie",1992,6,13279,70,1992-06-15,5.27148128624143
40125,"pottawatomie",1992,7,13297,74,1992-07-15,5.56516507482891
40125,"pottawatomie",1992,8,13315,83,1992-08-15,6.23357116034548
40125,"pottawatomie",1992,9,13333,61,1992-09-15,4.57511437785945
40125,"pottawatomie",1992,10,13351,66,1992-10-15,4.94344992884428
40125,"pottawatomie",1992,11,13369,51,1992-11-15,3.81479542224549
40125,"pottawatomie",1992,12,13387,71,1992-12-15,5.3036527974901
40125,"pottawatomie",1993,1,13405,67,1993-01-15,4.99813502424468
40125,"pottawatomie",1993,2,13396.25,55,1993-02-15,4.1056265746011
40125,"pottawatomie",1993,3,13387.5,73,1993-03-15,5.45284780578898
40125,"pottawatomie",1993,4,13378.75,68,1993-04-15,5.08268709707559
40125,"pottawatomie",1993,5,13370,60,1993-05-15,4.48765893792072
40125,"pottawatomie",1993,6,13361.25,65,1993-06-15,4.8648142950697
40125,"pottawatomie",1993,7,13352.5,64,1993-07-15,4.79310990451226
40125,"pottawatomie",1993,8,13343.75,65,1993-08-15,4.8711943793911
40125,"pottawatomie",1993,9,13335,80,1993-09-15,5.99925009373828
40125,"pottawatomie",1993,10,13326.25,56,1993-10-15,4.20223243598162
40125,"pottawatomie",1993,11,13317.5,56,1993-11-15,4.20499342969777
40125,"pottawatomie",1993,12,13308.75,72,1993-12-15,5.40997464074387
40125,"pottawatomie",1994,1,13300,63,1994-01-15,4.73684210526316
40125,"pottawatomie",1994,2,13318.6666666666,59,1994-02-15,4.42987286014618
40125,"pottawatomie",1994,3,13337.3333333334,69,1994-03-15,5.17344796561029
40125,"pottawatomie",1994,4,13356,69,1994-04-15,5.16621743036837
40125,"pottawatomie",1994,5,13374.6666666666,66,1994-05-15,4.9347024224903
40125,"pottawatomie",1994,6,13393.3333333334,58,1994-06-15,4.33051269288201
40125,"pottawatomie",1994,7,13412,70,1994-07-15,5.21920668058455
40125,"pottawatomie",1994,8,13430.6666666666,80,1994-08-15,5.95651742281349
40125,"pottawatomie",1994,9,13449.3333333334,82,1994-09-15,6.09695647863584
40125,"pottawatomie",1994,10,13468,52,1994-10-15,3.86100386100386
40125,"pottawatomie",1994,11,13486.6666666666,62,1994-11-15,4.59713297083542
40125,"pottawatomie",1994,12,13505.3333333334,54,1994-12-15,3.99842037713494
40125,"pottawatomie",1995,1,13524,76,1995-01-15,5.61963916001183
40125,"pottawatomie",1995,2,13548.8333333333,60,1995-02-15,4.42842557169745
40125,"pottawatomie",1995,3,13573.6666666667,77,1995-03-15,5.67274870459958
40125,"pottawatomie",1995,4,13598.5,52,1995-04-15,3.82395117108505
40125,"pottawatomie",1995,5,13623.3333333333,71,1995-05-15,5.21164668460975
40125,"pottawatomie",1995,6,13648.1666666667,82,1995-06-15,6.00813296047087
40125,"pottawatomie",1995,7,13673,69,1995-07-15,5.04644189278139
40125,"pottawatomie",1995,8,13697.8333333333,57,1995-08-15,4.16124204557899
40125,"pottawatomie",1995,9,13722.6666666667,69,1995-09-15,5.02817722502914
40125,"pottawatomie",1995,10,13747.5,64,1995-10-15,4.65539188943444
40125,"pottawatomie",1995,11,13772.3333333333,76,1995-11-15,5.5183096546216
40125,"pottawatomie",1995,12,13797.1666666667,58,1995-12-15,4.20376164188298
40125,"pottawatomie",1996,1,13822,72,1996-01-15,5.20908696281291
40125,"pottawatomie",1996,2,13812.9166666667,58,1996-02-15,4.1989683569123
40125,"pottawatomie",1996,3,13803.8333333333,61,1996-03-15,4.41906233775643
40125,"pottawatomie",1996,4,13794.75,65,1996-04-15,4.71193751245945
40125,"pottawatomie",1996,5,13785.6666666667,64,1996-05-15,4.64250308291219
40125,"pottawatomie",1996,6,13776.5833333333,67,1996-06-15,4.86332484469421
40125,"pottawatomie",1996,7,13767.5,71,1996-07-15,5.15707281641547
40125,"pottawatomie",1996,8,13758.4166666667,81,1996-08-15,5.8873053464243
40125,"pottawatomie",1996,9,13749.3333333333,83,1996-09-15,6.03665632273081
40125,"pottawatomie",1996,10,13740.25,70,1996-10-15,5.09452156984043
40125,"pottawatomie",1996,11,13731.1666666667,70,1996-11-15,5.09789165766442
40125,"pottawatomie",1996,12,13722.0833333333,68,1996-12-15,4.95551574408649
40125,"pottawatomie",1997,1,13713,74,1997-01-15,5.3963392401371
40125,"pottawatomie",1997,2,13746.8333333333,49,1997-02-15,3.5644572689468
40125,"pottawatomie",1997,3,13780.6666666667,74,1997-03-15,5.36984180736296
40125,"pottawatomie",1997,4,13814.5,75,1997-04-15,5.4290781425314
40125,"pottawatomie",1997,5,13848.3333333333,78,1997-05-15,5.63244674449394
40125,"pottawatomie",1997,6,13882.1666666667,52,1997-06-15,3.74581297347915
40125,"pottawatomie",1997,7,13916,86,1997-07-15,6.17993676343777
40125,"pottawatomie",1997,8,13949.8333333333,89,1997-08-15,6.38000454007815
40125,"pottawatomie",1997,9,13983.6666666667,78,1997-09-15,5.57793616361945
40125,"pottawatomie",1997,10,14017.5,71,1997-10-15,5.06509719992866
40125,"pottawatomie",1997,11,14051.3333333333,68,1997-11-15,4.83939839635623
40125,"pottawatomie",1997,12,14085.1666666667,75,1997-12-15,5.32475062417909
40125,"pottawatomie",1998,1,14119,69,1998-01-15,4.88703165946597
40125,"pottawatomie",1998,2,14125.1666666667,58,1998-02-15,4.10614624016235
40125,"pottawatomie",1998,3,14131.3333333333,66,1998-03-15,4.67047223663727
40125,"pottawatomie",1998,4,14137.5,75,1998-04-15,5.30503978779841
40125,"pottawatomie",1998,5,14143.6666666667,79,1998-05-15,5.5855388748792
40125,"pottawatomie",1998,6,14149.8333333333,59,1998-06-15,4.16966042002851
40125,"pottawatomie",1998,7,14156,71,1998-07-15,5.01554111330884
40125,"pottawatomie",1998,8,14162.1666666667,70,1998-08-15,4.94274651948265
40125,"pottawatomie",1998,9,14168.3333333333,85,1998-09-15,5.99929420068229
40125,"pottawatomie",1998,10,14174.5,72,1998-10-15,5.07954425200183
40125,"pottawatomie",1998,11,14180.6666666667,83,1998-11-15,5.85303934934887
40125,"pottawatomie",1998,12,14186.8333333333,77,1998-12-15,5.42756781522775
40125,"pottawatomie",1999,1,14193,77,1999-01-15,5.42520961037131
40125,"pottawatomie",1999,2,14202.5,57,1999-02-15,4.0133779264214
40125,"pottawatomie",1999,3,14212,76,1999-03-15,5.3475935828877
40125,"pottawatomie",1999,4,14221.5,66,1999-04-15,4.64086066870583
40125,"pottawatomie",1999,5,14231,73,1999-05-15,5.12964654627222
40125,"pottawatomie",1999,6,14240.5,84,1999-06-15,5.89866928829746
40125,"pottawatomie",1999,7,14250,89,1999-07-15,6.24561403508772
40125,"pottawatomie",1999,8,14259.5,81,1999-08-15,5.68042357726428
40125,"pottawatomie",1999,9,14269,76,1999-09-15,5.32623169107856
40125,"pottawatomie",1999,10,14278.5,80,1999-10-15,5.60282942886157
40125,"pottawatomie",1999,11,14288,73,1999-11-15,5.10918253079507
40125,"pottawatomie",1999,12,14297.5,72,1999-12-15,5.03584542752229
40131,"rogers",1990,1,12420,68,1990-01-15,5.47504025764895
40131,"rogers",1990,2,12436.1666666667,56,1990-02-15,4.50299529597812
40131,"rogers",1990,3,12452.3333333333,87,1990-03-15,6.98664239633805
40131,"rogers",1990,4,12468.5,65,1990-04-15,5.21313710550587
40131,"rogers",1990,5,12484.6666666667,69,1990-05-15,5.52677951620653
40131,"rogers",1990,6,12500.8333333333,76,1990-06-15,6.0795946936871
40131,"rogers",1990,7,12517,69,1990-07-15,5.51250299592554
40131,"rogers",1990,8,12533.1666666667,75,1990-08-15,5.98412212928362
40131,"rogers",1990,9,12549.3333333333,73,1990-09-15,5.81704207394817
40131,"rogers",1990,10,12565.5,80,1990-10-15,6.36663881262186
40131,"rogers",1990,11,12581.6666666667,52,1990-11-15,4.13299774804609
40131,"rogers",1990,12,12597.8333333333,65,1990-12-15,5.15961739452553
40131,"rogers",1991,1,12614,75,1991-01-15,5.94577453622959
40131,"rogers",1991,2,12619.6666666667,49,1991-02-15,3.88282838955069
40131,"rogers",1991,3,12625.3333333333,62,1991-03-15,4.91076143204141
40131,"rogers",1991,4,12631,70,1991-04-15,5.5419206713641
40131,"rogers",1991,5,12636.6666666667,63,1991-05-15,4.98549195462937
40131,"rogers",1991,6,12642.3333333333,70,1991-06-15,5.53695256677303
40131,"rogers",1991,7,12648,67,1991-07-15,5.29728020240354
40131,"rogers",1991,8,12653.6666666667,63,1991-08-15,4.97879402544716
40131,"rogers",1991,9,12659.3333333333,70,1991-09-15,5.52951708884092
40131,"rogers",1991,10,12665,76,1991-10-15,6.000789577576
40131,"rogers",1991,11,12670.6666666667,75,1991-11-15,5.91918341576343
40131,"rogers",1991,12,12676.3333333333,68,1991-12-15,5.36432722396068
40131,"rogers",1992,1,12682,57,1992-01-15,4.49455921778899
40131,"rogers",1992,2,12703.5833333333,71,1992-02-15,5.58897423955185
40131,"rogers",1992,3,12725.1666666667,56,1992-03-15,4.40072821574045
40131,"rogers",1992,4,12746.75,64,1992-04-15,5.02088767725106
40131,"rogers",1992,5,12768.3333333333,65,1992-05-15,5.09071922725494
40131,"rogers",1992,6,12789.9166666667,74,1992-06-15,5.7858078303872
40131,"rogers",1992,7,12811.5,67,1992-07-15,5.22967646255317
40131,"rogers",1992,8,12833.0833333333,69,1992-08-15,5.37672811808024
40131,"rogers",1992,9,12854.6666666667,70,1992-09-15,5.44549320609894
40131,"rogers",1992,10,12876.25,52,1992-10-15,4.03844286962431
40131,"rogers",1992,11,12897.8333333333,54,1992-11-15,4.18674971248402
40131,"rogers",1992,12,12919.4166666667,75,1992-12-15,5.80521566376189
40131,"rogers",1993,1,12941,73,1993-01-15,5.64098601344564
40131,"rogers",1993,2,12946.75,66,1993-02-15,5.09780446830286
40131,"rogers",1993,3,12952.5,63,1993-03-15,4.86392588303416
40131,"rogers",1993,4,12958.25,68,1993-04-15,5.24762217120367
40131,"rogers",1993,5,12964,64,1993-05-15,4.93674791730947
40131,"rogers",1993,6,12969.75,79,1993-06-15,6.09109659014245
40131,"rogers",1993,7,12975.5,55,1993-07-15,4.23875765866441
40131,"rogers",1993,8,12981.25,78,1993-08-15,6.0086663456909
40131,"rogers",1993,9,12987,69,1993-09-15,5.31300531300531
40131,"rogers",1993,10,12992.75,64,1993-10-15,4.92582401724038
40131,"rogers",1993,11,12998.5,54,1993-11-15,4.15432549909605
40131,"rogers",1993,12,13004.25,76,1993-12-15,5.8442432281754
40131,"rogers",1994,1,13010,61,1994-01-15,4.68870099923136
40131,"rogers",1994,2,13024.5,54,1994-02-15,4.14603247725441
40131,"rogers",1994,3,13039,74,1994-03-15,5.67528184676739
40131,"rogers",1994,4,13053.5,56,1994-04-15,4.29003715478607
40131,"rogers",1994,5,13068,63,1994-05-15,4.82093663911846
40131,"rogers",1994,6,13082.5,64,1994-06-15,4.89203133957577
40131,"rogers",1994,7,13097,69,1994-07-15,5.26838207223028
40131,"rogers",1994,8,13111.5,88,1994-08-15,6.71166533196049
40131,"rogers",1994,9,13126,70,1994-09-15,5.33292701508457
40131,"rogers",1994,10,13140.5,58,1994-10-15,4.41383508998897
40131,"rogers",1994,11,13155,79,1994-11-15,6.00532117065754
40131,"rogers",1994,12,13169.5,64,1994-12-15,4.85971373248795
40131,"rogers",1995,1,13184,67,1995-01-15,5.08191747572816
40131,"rogers",1995,2,13205.75,60,1995-02-15,4.54347538004278
40131,"rogers",1995,3,13227.5,69,1995-03-15,5.21640521640522
40131,"rogers",1995,4,13249.25,72,1995-04-15,5.43426986433194
40131,"rogers",1995,5,13271,61,1995-05-15,4.59648858413081
40131,"rogers",1995,6,13292.75,78,1995-06-15,5.86786029978748
40131,"rogers",1995,7,13314.5,70,1995-07-15,5.25742611438657
40131,"rogers",1995,8,13336.25,94,1995-08-15,7.04845814977974
40131,"rogers",1995,9,13358,85,1995-09-15,6.36322802814793
40131,"rogers",1995,10,13379.75,65,1995-10-15,4.85808778190923
40131,"rogers",1995,11,13401.5,70,1995-11-15,5.22329589971272
40131,"rogers",1995,12,13423.25,65,1995-12-15,4.84234443968488
40131,"rogers",1996,1,13445,60,1996-01-15,4.46262551134251
40131,"rogers",1996,2,13471.75,71,1996-02-15,5.27028782452168
40131,"rogers",1996,3,13498.5,73,1996-03-15,5.40800829721821
40131,"rogers",1996,4,13525.25,61,1996-04-15,4.51008299292065
40131,"rogers",1996,5,13552,70,1996-05-15,5.16528925619835
40131,"rogers",1996,6,13578.75,66,1996-06-15,4.86053576360122
40131,"rogers",1996,7,13605.5,70,1996-07-15,5.14497813384293
40131,"rogers",1996,8,13632.25,66,1996-08-15,4.84146050725302
40131,"rogers",1996,9,13659,71,1996-09-15,5.1980379237133
40131,"rogers",1996,10,13685.75,72,1996-10-15,5.26094660504539
40131,"rogers",1996,11,13712.5,74,1996-11-15,5.39653600729262
40131,"rogers",1996,12,13739.25,64,1996-12-15,4.65818731007879
40131,"rogers",1997,1,13766,62,1997-01-15,4.50385006537847
40131,"rogers",1997,2,13795.8333333333,61,1997-02-15,4.42162488674118
40131,"rogers",1997,3,13825.6666666667,78,1997-03-15,5.64168093160063
40131,"rogers",1997,4,13855.5,74,1997-04-15,5.34083937786439
40131,"rogers",1997,5,13885.3333333333,66,1997-05-15,4.75321682350683
40131,"rogers",1997,6,13915.1666666667,73,1997-06-15,5.24607442718376
40131,"rogers",1997,7,13945,69,1997-07-15,4.94801003944066
40131,"rogers",1997,8,13974.8333333333,65,1997-08-15,4.65121826139848
40131,"rogers",1997,9,14004.6666666667,67,1997-09-15,4.78411957918788
40131,"rogers",1997,10,14034.5,78,1997-10-15,5.55773273005807
40131,"rogers",1997,11,14064.3333333333,63,1997-11-15,4.47941601687485
40131,"rogers",1997,12,14094.1666666667,76,1997-12-15,5.39230177969608
40131,"rogers",1998,1,14124,67,1998-01-15,4.74369866893231
40131,"rogers",1998,2,14154.5833333333,77,1998-02-15,5.43993406140533
40131,"rogers",1998,3,14185.1666666667,73,1998-03-15,5.14622081752064
40131,"rogers",1998,4,14215.75,72,1998-04-15,5.06480488190915
40131,"rogers",1998,5,14246.3333333333,71,1998-05-15,4.98373850581437
40131,"rogers",1998,6,14276.9166666667,76,1998-06-15,5.32327825219029
40131,"rogers",1998,7,14307.5,82,1998-07-15,5.73125982876114
40131,"rogers",1998,8,14338.0833333333,77,1998-08-15,5.37031332639766
40131,"rogers",1998,9,14368.6666666667,71,1998-09-15,4.94130747459749
40131,"rogers",1998,10,14399.25,62,1998-10-15,4.30577981492092
40131,"rogers",1998,11,14429.8333333333,78,1998-11-15,5.40546783862139
40131,"rogers",1998,12,14460.4166666667,56,1998-12-15,3.8726408298516
40131,"rogers",1999,1,14491,61,1999-01-15,4.20950935063143
40131,"rogers",1999,2,14528.5833333333,68,1999-02-15,4.6804288098748
40131,"rogers",1999,3,14566.1666666667,76,1999-03-15,5.21757039715321
40131,"rogers",1999,4,14603.75,68,1999-04-15,4.65633826928015
40131,"rogers",1999,5,14641.3333333333,57,1999-05-15,3.89308806119662
40131,"rogers",1999,6,14678.9166666667,56,1999-06-15,3.81499542995338
40131,"rogers",1999,7,14716.5,88,1999-07-15,5.9796826691129
40131,"rogers",1999,8,14754.0833333333,77,1999-08-15,5.21889420442929
40131,"rogers",1999,9,14791.6666666667,91,1999-09-15,6.15211267605632
40131,"rogers",1999,10,14829.25,81,1999-10-15,5.46217779051537
40131,"rogers",1999,11,14866.8333333333,74,1999-11-15,4.97752267351264
40131,"rogers",1999,12,14904.4166666667,82,1999-12-15,5.50172488020887
40143,"tulsa",1990,1,121624,737,1990-01-15,6.05965927777412
40143,"tulsa",1990,2,121760.166666667,673,1990-02-15,5.52725918848664
40143,"tulsa",1990,3,121896.333333333,779,1990-03-15,6.39067623034876
40143,"tulsa",1990,4,122032.5,717,1990-04-15,5.87548398992072
40143,"tulsa",1990,5,122168.666666667,712,1990-05-15,5.82800827271585
40143,"tulsa",1990,6,122304.833333333,745,1990-06-15,6.09133735516042
40143,"tulsa",1990,7,122441,777,1990-07-15,6.34591354203249
40143,"tulsa",1990,8,122577.166666667,813,1990-08-15,6.63255663439219
40143,"tulsa",1990,9,122713.333333333,742,1990-09-15,6.04661270168959
40143,"tulsa",1990,10,122849.5,766,1990-10-15,6.23527161282708
40143,"tulsa",1990,11,122985.666666667,705,1990-11-15,5.7323753174489
40143,"tulsa",1990,12,123121.833333333,697,1990-12-15,5.66105930304808
40143,"tulsa",1991,1,123258,704,1991-01-15,5.7115968131886
40143,"tulsa",1991,2,123280.166666667,686,1991-02-15,5.56456093910752
40143,"tulsa",1991,3,123302.333333333,722,1991-03-15,5.85552584838894
40143,"tulsa",1991,4,123324.5,693,1991-04-15,5.61932138382884
40143,"tulsa",1991,5,123346.666666667,722,1991-05-15,5.85342125175655
40143,"tulsa",1991,6,123368.833333333,722,1991-06-15,5.85236952066501
40143,"tulsa",1991,7,123391,827,1991-07-15,6.70227164055725
40143,"tulsa",1991,8,123413.166666667,755,1991-08-15,6.11766167575311
40143,"tulsa",1991,9,123435.333333333,824,1991-09-15,6.67556021236493
40143,"tulsa",1991,10,123457.5,806,1991-10-15,6.52856246076585
40143,"tulsa",1991,11,123479.666666667,717,1991-11-15,5.80662403256675
40143,"tulsa",1991,12,123501.833333333,742,1991-12-15,6.00800797828914
40143,"tulsa",1992,1,123524,683,1992-01-15,5.52928985460315
40143,"tulsa",1992,2,123517.666666667,697,1992-02-15,5.64291747739188
40143,"tulsa",1992,3,123511.333333333,728,1992-03-15,5.89419594423185
40143,"tulsa",1992,4,123505,688,1992-04-15,5.57062467106595
40143,"tulsa",1992,5,123498.666666667,708,1992-05-15,5.73285541544307
40143,"tulsa",1992,6,123492.333333333,735,1992-06-15,5.95178648067223
40143,"tulsa",1992,7,123486,788,1992-07-15,6.38129018674182
40143,"tulsa",1992,8,123479.666666667,752,1992-08-15,6.09007150974923
40143,"tulsa",1992,9,123473.333333333,734,1992-09-15,5.94460342314131
40143,"tulsa",1992,10,123467,725,1992-10-15,5.87201438441041
40143,"tulsa",1992,11,123460.666666667,670,1992-11-15,5.42682959755062
40143,"tulsa",1992,12,123454.333333333,664,1992-12-15,5.37850703228996
40143,"tulsa",1993,1,123448,661,1993-01-15,5.35448123906422
40143,"tulsa",1993,2,123407.75,658,1993-02-15,5.33191797111608
40143,"tulsa",1993,3,123367.5,756,1993-03-15,6.12803209921576
40143,"tulsa",1993,4,123327.25,718,1993-04-15,5.82190878333864
40143,"tulsa",1993,5,123287,710,1993-05-15,5.75892024301021
40143,"tulsa",1993,6,123246.75,750,1993-06-15,6.08535316347084
40143,"tulsa",1993,7,123206.5,734,1993-07-15,5.95747789280598
40143,"tulsa",1993,8,123166.25,708,1993-08-15,5.74832797133955
40143,"tulsa",1993,9,123126,781,1993-09-15,6.34309569059338
40143,"tulsa",1993,10,123085.75,722,1993-10-15,5.86582931005417
40143,"tulsa",1993,11,123045.5,688,1993-11-15,5.59142756134926
40143,"tulsa",1993,12,123005.25,749,1993-12-15,6.0891709906691
40143,"tulsa",1994,1,122965,681,1994-01-15,5.53816126540072
40143,"tulsa",1994,2,122917.5,641,1994-02-15,5.21487989911933
40143,"tulsa",1994,3,122870,721,1994-03-15,5.86799055912753
40143,"tulsa",1994,4,122822.5,680,1994-04-15,5.53644486962894
40143,"tulsa",1994,5,122775,675,1994-05-15,5.49786194257789
40143,"tulsa",1994,6,122727.5,688,1994-06-15,5.60591554460084
40143,"tulsa",1994,7,122680,674,1994-07-15,5.49396804695142
40143,"tulsa",1994,8,122632.5,752,1994-08-15,6.13214278433531
40143,"tulsa",1994,9,122585,715,1994-09-15,5.83268752294326
40143,"tulsa",1994,10,122537.5,707,1994-10-15,5.76966234826074
40143,"tulsa",1994,11,122490,595,1994-11-15,4.85753939097069
40143,"tulsa",1994,12,122442.5,686,1994-12-15,5.60262980582722
40143,"tulsa",1995,1,122395,691,1995-01-15,5.64565545978185
40143,"tulsa",1995,2,122467.666666667,641,1995-02-15,5.23403456150329
40143,"tulsa",1995,3,122540.333333333,665,1995-03-15,5.42678465049604
40143,"tulsa",1995,4,122613,673,1995-04-15,5.48881439977816
40143,"tulsa",1995,5,122685.666666667,676,1995-05-15,5.51001611163487
40143,"tulsa",1995,6,122758.333333333,651,1995-06-15,5.30310230126945
40143,"tulsa",1995,7,122831,674,1995-07-15,5.48721413975299
40143,"tulsa",1995,8,122903.666666667,715,1995-08-15,5.81756443393334
40143,"tulsa",1995,9,122976.333333333,693,1995-09-15,5.63523062703123
40143,"tulsa",1995,10,123049,675,1995-10-15,5.48561954993539
40143,"tulsa",1995,11,123121.666666667,692,1995-11-15,5.62045672979301
40143,"tulsa",1995,12,123194.333333333,622,1995-12-15,5.04893352778674
40143,"tulsa",1996,1,123267,667,1996-01-15,5.41101835852256
40143,"tulsa",1996,2,123352.833333333,628,1996-02-15,5.09108694976606
40143,"tulsa",1996,3,123438.666666667,656,1996-03-15,5.31438015100615
40143,"tulsa",1996,4,123524.5,656,1996-04-15,5.31068735352096
40143,"tulsa",1996,5,123610.333333333,632,1996-05-15,5.11284115945001
40143,"tulsa",1996,6,123696.166666667,619,1996-06-15,5.00419711200966
40143,"tulsa",1996,7,123782,749,1996-07-15,6.05096055969366
40143,"tulsa",1996,8,123867.833333333,767,1996-08-15,6.19208376670297
40143,"tulsa",1996,9,123953.666666667,749,1996-09-15,6.04258042655722
40143,"tulsa",1996,10,124039.5,725,1996-10-15,5.84491230616054
40143,"tulsa",1996,11,124125.333333333,630,1996-11-15,5.07551507078868
40143,"tulsa",1996,12,124211.166666667,688,1996-12-15,5.53895449550294
40143,"tulsa",1997,1,124297,695,1997-01-15,5.59144629395722
40143,"tulsa",1997,2,124376.083333333,665,1997-02-15,5.34668709753283
40143,"tulsa",1997,3,124455.166666667,699,1997-03-15,5.61648036575419
40143,"tulsa",1997,4,124534.25,670,1997-04-15,5.38004605158822
40143,"tulsa",1997,5,124613.333333333,679,1997-05-15,5.44885512518726
40143,"tulsa",1997,6,124692.416666667,732,1997-06-15,5.87044520884388
40143,"tulsa",1997,7,124771.5,796,1997-07-15,6.37966202217654
40143,"tulsa",1997,8,124850.583333333,769,1997-08-15,6.15936249129795
40143,"tulsa",1997,9,124929.666666667,776,1997-09-15,6.21149500118732
40143,"tulsa",1997,10,125008.75,740,1997-10-15,5.91958562900597
40143,"tulsa",1997,11,125087.833333333,750,1997-11-15,5.99578696036253
40143,"tulsa",1997,12,125166.916666667,753,1997-12-15,6.01596667916108
40143,"tulsa",1998,1,125246,774,1998-01-15,6.1798380786612
40143,"tulsa",1998,2,125314.25,675,1998-02-15,5.38645844347311
40143,"tulsa",1998,3,125382.5,733,1998-03-15,5.84611090064403
40143,"tulsa",1998,4,125450.75,737,1998-04-15,5.87481541561131
40143,"tulsa",1998,5,125519,778,1998-05-15,6.19826480453158
40143,"tulsa",1998,6,125587.25,720,1998-06-15,5.73306605567046
40143,"tulsa",1998,7,125655.5,788,1998-07-15,6.27111427673281
40143,"tulsa",1998,8,125723.75,844,1998-08-15,6.71313097167401
40143,"tulsa",1998,9,125792,793,1998-09-15,6.30405749173238
40143,"tulsa",1998,10,125860.25,747,1998-10-15,5.93515426832538
40143,"tulsa",1998,11,125928.5,749,1998-11-15,5.94781959604061
40143,"tulsa",1998,12,125996.75,799,1998-12-15,6.34143340998875
40143,"tulsa",1999,1,126065,748,1999-01-15,5.93344703129338
40143,"tulsa",1999,2,126012.333333333,709,1999-02-15,5.62643339144054
40143,"tulsa",1999,3,125959.666666667,779,1999-03-15,6.18451938318878
40143,"tulsa",1999,4,125907,703,1999-04-15,5.58348622395895
40143,"tulsa",1999,5,125854.333333333,721,1999-05-15,5.72884525231552
40143,"tulsa",1999,6,125801.666666667,768,1999-06-15,6.10484757753605
40143,"tulsa",1999,7,125749,795,1999-07-15,6.32211786972461
40143,"tulsa",1999,8,125696.333333333,841,1999-08-15,6.69072818353229
40143,"tulsa",1999,9,125643.666666667,819,1999-09-15,6.51843440841956
40143,"tulsa",1999,10,125591,820,1999-10-15,6.52913027207364
40143,"tulsa",1999,11,125538.333333333,721,1999-11-15,5.74326566918473
40143,"tulsa",1999,12,125485.666666667,761,1999-12-15,6.06443763829599
40145,"wagoner",1990,1,11095,45,1990-01-15,4.05588102748986
40145,"wagoner",1990,2,11101,38,1990-02-15,3.42311503468156
40145,"wagoner",1990,3,11107,41,1990-03-15,3.69136580534798
40145,"wagoner",1990,4,11113,34,1990-04-15,3.05947988841897
40145,"wagoner",1990,5,11119,45,1990-05-15,4.04712654015649
40145,"wagoner",1990,6,11125,52,1990-06-15,4.67415730337079
40145,"wagoner",1990,7,11131,58,1990-07-15,5.21067289551702
40145,"wagoner",1990,8,11137,54,1990-08-15,4.84870252312113
40145,"wagoner",1990,9,11143,59,1990-09-15,5.29480391277035
40145,"wagoner",1990,10,11149,60,1990-10-15,5.38164857834783
40145,"wagoner",1990,11,11155,48,1990-11-15,4.30300313760645
40145,"wagoner",1990,12,11161,60,1990-12-15,5.37586237792313
40145,"wagoner",1991,1,11167,66,1991-01-15,5.91027133518402
40145,"wagoner",1991,2,11166.1666666667,60,1991-02-15,5.37337492723553
40145,"wagoner",1991,3,11165.3333333333,56,1991-03-15,5.01552424170052
40145,"wagoner",1991,4,11164.5,54,1991-04-15,4.83675937122128
40145,"wagoner",1991,5,11163.6666666667,53,1991-05-15,4.74754411632975
40145,"wagoner",1991,6,11162.8333333333,52,1991-06-15,4.65831554115593
40145,"wagoner",1991,7,11162,65,1991-07-15,5.82332915248163
40145,"wagoner",1991,8,11161.1666666667,61,1991-08-15,5.46537846999267
40145,"wagoner",1991,9,11160.3333333333,49,1991-09-15,4.39054986410204
40145,"wagoner",1991,10,11159.5,74,1991-10-15,6.6311214660155
40145,"wagoner",1991,11,11158.6666666667,45,1991-11-15,4.03273987334208
40145,"wagoner",1991,12,11157.8333333333,61,1991-12-15,5.46701121782905
40145,"wagoner",1992,1,11157,55,1992-01-15,4.92964058438648
40145,"wagoner",1992,2,11172,53,1992-02-15,4.74400286430362
40145,"wagoner",1992,3,11187,43,1992-03-15,3.84374720657906
40145,"wagoner",1992,4,11202,48,1992-04-15,4.28494911622925
40145,"wagoner",1992,5,11217,60,1992-05-15,5.34902380315592
40145,"wagoner",1992,6,11232,54,1992-06-15,4.80769230769231
40145,"wagoner",1992,7,11247,54,1992-07-15,4.80128034142438
40145,"wagoner",1992,8,11262,61,1992-08-15,5.41644468122891
40145,"wagoner",1992,9,11277,45,1992-09-15,3.99042298483639
40145,"wagoner",1992,10,11292,67,1992-10-15,5.93340417995041
40145,"wagoner",1992,11,11307,57,1992-11-15,5.0411249668347
40145,"wagoner",1992,12,11322,51,1992-12-15,4.5045045045045
40145,"wagoner",1993,1,11337,36,1993-01-15,3.1754432389521
40145,"wagoner",1993,2,11344.6666666667,48,1993-02-15,4.23106305459245
40145,"wagoner",1993,3,11352.3333333333,55,1993-03-15,4.8448189799454
40145,"wagoner",1993,4,11360,61,1993-04-15,5.36971830985915
40145,"wagoner",1993,5,11367.6666666667,51,1993-05-15,4.48640882033837
40145,"wagoner",1993,6,11375.3333333333,43,1993-06-15,3.78010900779465
40145,"wagoner",1993,7,11383,50,1993-07-15,4.39251515417728
40145,"wagoner",1993,8,11390.6666666667,61,1993-08-15,5.35526161769868
40145,"wagoner",1993,9,11398.3333333333,55,1993-09-15,4.82526685187894
40145,"wagoner",1993,10,11406,54,1993-10-15,4.7343503419253
40145,"wagoner",1993,11,11413.6666666667,59,1993-11-15,5.16924155252474
40145,"wagoner",1993,12,11421.3333333333,58,1993-12-15,5.07821620359563
40145,"wagoner",1994,1,11429,49,1994-01-15,4.28733922477907
40145,"wagoner",1994,2,11437.4166666667,47,1994-02-15,4.10931955788383
40145,"wagoner",1994,3,11445.8333333333,51,1994-03-15,4.45576993083365
40145,"wagoner",1994,4,11454.25,49,1994-04-15,4.27788812013008
40145,"wagoner",1994,5,11462.6666666667,64,1994-05-15,5.58334302663718
40145,"wagoner",1994,6,11471.0833333333,63,1994-06-15,5.49207064139541
40145,"wagoner",1994,7,11479.5,55,1994-07-15,4.79114944030663
40145,"wagoner",1994,8,11487.9166666667,60,1994-08-15,5.22287911211054
40145,"wagoner",1994,9,11496.3333333333,63,1994-09-15,5.48000811853056
40145,"wagoner",1994,10,11504.75,45,1994-10-15,3.91142788848084
40145,"wagoner",1994,11,11513.1666666667,51,1994-11-15,4.42971091069644
40145,"wagoner",1994,12,11521.5833333333,50,1994-12-15,4.33968132273488
40145,"wagoner",1995,1,11530,49,1995-01-15,4.24978317432784
40145,"wagoner",1995,2,11547.75,43,1995-02-15,3.72366911303068
40145,"wagoner",1995,3,11565.5,59,1995-03-15,5.10137910163849
40145,"wagoner",1995,4,11583.25,48,1995-04-15,4.14391470442233
40145,"wagoner",1995,5,11601,51,1995-05-15,4.39617274372899
40145,"wagoner",1995,6,11618.75,67,1995-06-15,5.76654115115654
40145,"wagoner",1995,7,11636.5,59,1995-07-15,5.07025308297168
40145,"wagoner",1995,8,11654.25,63,1995-08-15,5.40575326597593
40145,"wagoner",1995,9,11672,54,1995-09-15,4.62645647703907
40145,"wagoner",1995,10,11689.75,73,1995-10-15,6.24478709980966
40145,"wagoner",1995,11,11707.5,42,1995-11-15,3.58744394618834
40145,"wagoner",1995,12,11725.25,56,1995-12-15,4.77601756892177
40145,"wagoner",1996,1,11743,51,1996-01-15,4.34301285872435
40145,"wagoner",1996,2,11752,30,1996-02-15,2.55275697753574
40145,"wagoner",1996,3,11761,55,1996-03-15,4.67647308902304
40145,"wagoner",1996,4,11770,56,1996-04-15,4.75785896346644
40145,"wagoner",1996,5,11779,49,1996-05-15,4.15994566601579
40145,"wagoner",1996,6,11788,57,1996-06-15,4.83542585680353
40145,"wagoner",1996,7,11797,59,1996-07-15,5.00127150970586
40145,"wagoner",1996,8,11806,67,1996-08-15,5.67508046755887
40145,"wagoner",1996,9,11815,60,1996-09-15,5.07829030892933
40145,"wagoner",1996,10,11824,56,1996-10-15,4.7361299052774
40145,"wagoner",1996,11,11833,39,1996-11-15,3.29586748922505
40145,"wagoner",1996,12,11842,54,1996-12-15,4.56004053369363
40145,"wagoner",1997,1,11851,54,1997-01-15,4.5565775040081
40145,"wagoner",1997,2,11861.9166666667,56,1997-02-15,4.72099084605494
40145,"wagoner",1997,3,11872.8333333333,47,1997-03-15,3.95861701082304
40145,"wagoner",1997,4,11883.75,57,1997-04-15,4.79646576207005
40145,"wagoner",1997,5,11894.6666666667,56,1997-05-15,4.70799237753614
40145,"wagoner",1997,6,11905.5833333333,50,1997-06-15,4.19971021999483
40145,"wagoner",1997,7,11916.5,54,1997-07-15,4.5315319095372
40145,"wagoner",1997,8,11927.4166666667,68,1997-08-15,5.70115071019848
40145,"wagoner",1997,9,11938.3333333333,68,1997-09-15,5.69593745637304
40145,"wagoner",1997,10,11949.25,45,1997-10-15,3.76592673180325
40145,"wagoner",1997,11,11960.1666666667,44,1997-11-15,3.67887849946349
40145,"wagoner",1997,12,11971.0833333333,56,1997-12-15,4.67793920071284
40145,"wagoner",1998,1,11982,58,1998-01-15,4.84059422467034
40145,"wagoner",1998,2,11988,63,1998-02-15,5.25525525525526
40145,"wagoner",1998,3,11994,46,1998-03-15,3.83525095881274
40145,"wagoner",1998,4,12000,53,1998-04-15,4.41666666666667
40145,"wagoner",1998,5,12006,69,1998-05-15,5.74712643678161
40145,"wagoner",1998,6,12012,59,1998-06-15,4.91175491175491
40145,"wagoner",1998,7,12018,67,1998-07-15,5.57497087701781
40145,"wagoner",1998,8,12024,64,1998-08-15,5.3226879574185
40145,"wagoner",1998,9,12030,52,1998-09-15,4.32252701579385
40145,"wagoner",1998,10,12036,51,1998-10-15,4.23728813559322
40145,"wagoner",1998,11,12042,56,1998-11-15,4.65039030061452
40145,"wagoner",1998,12,12048,49,1998-12-15,4.06706507304117
40145,"wagoner",1999,1,12054,77,1999-01-15,6.38792102206736
40145,"wagoner",1999,2,12056.75,49,1999-02-15,4.06411346341261
40145,"wagoner",1999,3,12059.5,50,1999-03-15,4.14610887681911
40145,"wagoner",1999,4,12062.25,42,1999-04-15,3.48193744948082
40145,"wagoner",1999,5,12065,49,1999-05-15,4.06133443845835
40145,"wagoner",1999,6,12067.75,69,1999-06-15,5.71771871309896
40145,"wagoner",1999,7,12070.5,71,1999-07-15,5.88210927467793
40145,"wagoner",1999,8,12073.25,61,1999-08-15,5.05249207959746
40145,"wagoner",1999,9,12076,60,1999-09-15,4.96853262669758
40145,"wagoner",1999,10,12078.75,58,1999-10-15,4.80182138052365
40145,"wagoner",1999,11,12081.5,52,1999-11-15,4.30410131192319
40145,"wagoner",1999,12,12084.25,58,1999-12-15,4.79963588969113
